,VendorID,tpep_pickup_datetime,tpep_dropoff_datetime,passenger_count,trip_distance,RatecodeID,store_and_fwd_flag,PULocationID,DOLocationID,payment_type,fare_amount,extra,mta_tax,tip_amount,tolls_amount,improvement_surcharge,total_amount,congestion_surcharge
0,1,2019-05-01 00:14:50,2019-05-01 00:16:48,1,0.0,1,N,145,145,2,3.0,0.5,0.5,0.0,0.0,0.3,4.3,0.0
1,1,2019-05-01 00:35:54,2019-05-01 00:37:27,1,1.5,1,N,145,145,2,3.0,0.5,0.5,0.0,0.0,0.3,4.3,0.0
2,1,2019-05-01 00:37:45,2019-05-01 00:37:49,1,1.5,1,N,145,145,2,2.5,0.5,0.5,0.0,0.0,0.3,3.8,0.0
3,1,2019-05-01 00:44:57,2019-05-01 00:50:11,1,0.7,1,N,161,161,2,5.0,3.0,0.5,0.0,0.0,0.3,8.8,2.5
4,1,2019-05-01 00:59:48,2019-05-01 01:10:22,1,2.0,1,N,163,141,1,9.5,3.0,0.5,2.0,0.0,0.3,15.3,2.5
5,2,2019-05-01 00:48:04,2019-05-01 00:49:00,1,0.0,1,N,193,193,2,2.5,0.5,0.5,0.0,0.0,0.3,3.8,0.0
6,2,2019-05-01 00:05:26,2019-05-01 00:05:34,1,0.0,1,N,193,193,2,2.5,0.5,0.5,0.0,0.0,0.3,3.8,0.0
7,1,2019-05-01 00:23:20,2019-05-01 00:32:57,1,2.5,1,N,260,56,2,10.0,0.5,0.5,0.0,0.0,0.3,11.3,0.0
8,1,2019-05-01 00:35:54,2019-05-01 00:47:49,1,2.8,1,N,56,226,2,11.5,0.5,0.5,0.0,0.0,0.3,12.8,0.0
9,1,2019-05-01 00:20:12,2019-05-01 00:26:52,1,2.0,1,N,79,164,1,8.0,3.0,0.5,2.35,0.0,0.3,14.15,2.5
10,1,2019-05-01 00:34:34,2019-05-01 00:48:27,1,3.7,1,N,90,238,1,13.5,3.0,0.5,3.45,0.0,0.3,20.75,2.5
11,2,2019-04-30 20:55:04,2019-04-30 21:15:19,1,2.09,1,N,162,230,2,13.0,0.5,0.5,0.0,0.0,0.3,16.8,2.5
12,1,2019-05-01 00:07:15,2019-05-01 00:19:41,1,2.5,1,N,50,170,1,11.0,3.0,0.5,2.95,0.0,0.3,17.75,2.5
13,1,2019-05-01 00:16:48,2019-05-01 00:27:37,1,2.5,1,N,230,141,1,10.0,3.0,0.5,2.75,0.0,0.3,16.55,2.5
14,1,2019-05-01 00:42:15,2019-05-01 00:47:48,1,1.7,1,N,162,107,1,7.0,3.0,0.5,2.16,0.0,0.3,12.96,2.5
15,2,2019-05-01 00:14:25,2019-05-01 00:23:22,1,1.28,1,N,116,42,1,8.0,0.5,0.5,2.0,0.0,0.3,11.3,0.0
16,2,2019-05-01 00:51:50,2019-05-01 00:57:35,1,1.49,1,N,238,166,1,7.0,0.5,0.5,1.66,0.0,0.3,9.96,0.0
17,1,2019-05-01 00:05:30,2019-05-01 00:21:08,1,4.7,1,N,249,43,1,16.5,3.0,0.5,4.05,0.0,0.3,24.35,2.5
18,1,2019-05-01 00:40:34,2019-05-01 00:48:08,1,2.0,1,N,142,236,1,8.5,3.0,0.5,1.5,0.0,0.3,13.8,2.5
19,1,2019-05-01 00:01:12,2019-05-01 00:28:54,2,11.5,1,N,138,190,1,34.0,0.5,0.5,7.06,0.0,0.3,42.36,0.0
20,1,2019-05-01 00:41:43,2019-05-01 00:48:40,2,1.3,1,N,181,49,1,7.0,0.5,0.5,2.05,0.0,0.3,10.35,0.0
21,2,2019-05-01 00:18:04,2019-05-01 00:23:26,1,1.05,1,N,238,24,1,6.0,0.5,0.5,1.46,0.0,0.3,8.76,0.0
22,2,2019-05-01 00:12:27,2019-05-01 00:56:50,1,18.83,2,N,132,48,1,52.0,0.0,0.5,11.06,0.0,0.3,66.36,2.5
23,2,2019-05-01 00:17:54,2019-05-01 22:54:26,2,18.18,2,N,132,230,2,52.0,0.0,0.5,0.0,6.12,0.3,61.42,2.5
24,1,2019-05-01 00:28:27,2019-05-01 00:34:23,1,1.5,1,N,162,137,1,6.5,3.0,0.5,2.05,0.0,0.3,12.35,2.5
25,1,2019-05-01 00:02:25,2019-05-01 00:18:42,0,7.9,1,N,138,233,1,24.0,3.0,0.5,5.09,6.12,0.3,39.01,2.5
26,1,2019-05-01 00:45:49,2019-05-01 01:03:42,0,3.5,1,N,164,239,1,13.0,3.0,0.5,2.0,0.0,0.3,18.8,2.5
27,2,2019-05-01 00:06:52,2019-05-01 00:12:43,2,1.23,1,N,231,87,1,6.0,0.5,0.5,1.96,0.0,0.3,11.76,2.5
28,2,2019-05-01 00:41:03,2019-05-01 00:47:07,1,1.13,1,N,231,209,1,6.0,0.5,0.5,1.96,0.0,0.3,11.76,2.5
29,1,2019-05-01 00:03:07,2019-05-01 00:34:00,1,12.2,1,N,138,40,1,37.5,0.5,0.5,7.75,0.0,0.3,46.55,0.0
30,2,2019-05-01 00:26:01,2019-05-01 00:30:45,1,1.12,1,N,68,90,1,5.5,0.5,0.5,1.86,0.0,0.3,11.16,2.5
31,2,2019-05-01 00:09:09,2019-05-01 00:38:40,1,21.03,2,N,132,261,1,52.0,0.0,0.5,11.06,0.0,0.3,66.36,2.5
32,2,2019-05-01 00:53:17,2019-05-01 01:05:08,1,4.56,1,N,232,25,2,15.5,0.5,0.5,0.0,0.0,0.3,19.3,2.5
33,2,2019-05-01 00:19:27,2019-05-01 00:56:11,1,4.29,1,N,48,226,1,24.0,0.5,0.5,4.0,0.0,0.3,31.8,2.5
34,1,2019-05-01 00:17:13,2019-05-01 00:28:42,1,5.4,1,N,239,244,1,17.0,3.0,0.5,1.0,0.0,0.3,21.8,2.5
35,1,2019-05-01 00:30:06,2019-05-01 00:49:07,1,3.8,1,N,244,18,1,16.0,0.5,0.5,1.0,0.0,0.3,18.3,0.0
36,1,2019-05-01 00:44:30,2019-05-01 01:01:18,1,4.0,1,N,125,189,1,15.0,3.0,0.5,3.75,0.0,0.3,22.55,2.5
37,1,2019-05-01 00:18:33,2019-05-01 00:26:51,1,1.2,1,N,230,186,1,7.0,3.0,0.5,2.15,0.0,0.3,12.95,2.5
38,1,2019-05-01 00:51:01,2019-05-01 01:09:28,1,4.2,1,N,234,238,2,16.0,3.0,0.5,0.0,0.0,0.3,19.8,2.5
39,1,2019-05-01 00:10:27,2019-05-01 00:14:41,1,1.4,1,N,90,125,2,6.0,3.0,0.5,0.0,0.0,0.3,9.8,2.5
40,1,2019-05-01 00:31:05,2019-05-01 00:53:44,1,14.9,1,N,132,7,1,40.5,0.5,0.5,10.4,0.0,0.3,52.2,0.0
41,1,2019-05-01 00:05:37,2019-05-01 00:13:04,5,2.5,1,N,142,68,1,9.0,2.5,0.5,1.85,0.0,0.3,14.15,2.5
42,1,2019-05-01 00:37:12,2019-05-01 00:54:21,0,4.6,1,N,114,239,1,16.5,2.5,0.5,3.95,0.0,0.3,23.75,2.5
43,2,2019-05-01 00:05:06,2019-05-01 00:17:54,1,2.28,1,N,137,50,2,10.5,0.5,0.5,0.0,0.0,0.3,14.3,2.5
44,1,2019-05-01 00:03:34,2019-05-01 00:14:54,1,2.7,1,N,161,79,1,10.5,3.0,0.5,2.85,0.0,0.3,17.15,2.5
45,1,2019-05-01 00:14:16,2019-05-01 01:12:57,1,21.1,1,Y,138,29,2,66.0,0.5,0.5,0.0,0.0,0.3,67.3,0.0
46,1,2019-05-01 00:57:53,2019-05-01 01:10:06,1,2.7,1,N,231,79,1,11.0,3.0,0.5,2.96,0.0,0.3,17.76,2.5
47,2,2019-05-01 00:12:38,2019-05-01 00:31:41,1,3.65,1,N,249,33,1,15.5,0.5,0.5,5.79,0.0,0.3,25.09,2.5
48,2,2019-05-01 00:44:25,2019-05-01 01:08:02,1,6.04,1,N,125,61,1,21.5,0.5,0.5,5.06,0.0,0.3,30.36,2.5
49,2,2019-05-01 00:14:44,2019-05-01 00:20:13,1,0.94,1,N,151,75,2,6.0,0.5,0.5,0.0,0.0,0.3,7.3,0.0
50,1,2019-05-01 00:02:14,2019-05-01 00:36:46,1,12.0,1,N,231,223,1,33.0,3.0,0.5,7.35,0.0,0.3,44.15,2.5
51,2,2019-05-01 00:23:22,2019-05-01 00:30:05,2,0.68,1,N,262,236,2,6.0,0.5,0.5,0.0,0.0,0.3,9.8,2.5
52,1,2019-05-01 00:00:27,2019-05-01 00:05:00,1,1.3,1,N,239,48,1,6.0,3.0,0.5,1.95,0.0,0.3,11.75,2.5
53,1,2019-05-01 00:09:13,2019-05-01 00:15:16,2,1.5,1,N,50,229,1,7.0,3.0,0.5,2.0,0.0,0.3,12.8,2.5
54,1,2019-05-01 00:21:11,2019-05-01 00:26:33,1,2.3,1,N,163,239,1,8.5,3.0,0.5,2.45,0.0,0.3,14.75,2.5
55,1,2019-05-01 00:26:45,2019-05-01 00:35:47,1,1.8,1,N,230,141,1,8.5,3.0,0.5,2.46,0.0,0.3,14.76,2.5
56,1,2019-05-01 00:42:12,2019-05-01 00:53:21,1,2.4,1,N,163,263,1,10.5,3.0,0.5,2.85,0.0,0.3,17.15,2.5
57,2,2019-05-01 00:04:20,2019-05-01 00:10:31,2,1.41,1,N,237,233,1,6.5,0.5,0.5,2.06,0.0,0.3,12.36,2.5
58,2,2019-05-01 00:15:24,2019-05-01 00:22:50,2,2.85,1,N,233,236,1,9.5,0.5,0.5,2.66,0.0,0.3,15.96,2.5
59,2,2019-05-01 00:40:51,2019-05-01 00:51:04,2,2.34,1,N,162,142,1,9.5,0.5,0.5,2.66,0.0,0.3,15.96,2.5
60,2,2019-05-01 00:00:46,2019-05-01 00:13:56,1,3.47,1,N,239,116,1,13.0,0.5,0.5,4.2,0.0,0.3,21.0,2.5
61,2,2019-05-01 00:00:22,2019-05-01 00:20:05,2,9.83,1,N,137,135,1,28.0,0.5,0.5,7.58,6.12,0.3,45.5,2.5
62,1,2019-05-01 00:22:23,2019-05-01 00:26:12,1,0.7,1,N,142,48,2,4.5,3.0,0.5,0.0,0.0,0.3,8.3,2.5
63,1,2019-05-01 00:55:07,2019-05-01 01:17:16,1,7.1,1,N,148,41,1,23.5,3.0,0.5,5.45,0.0,0.3,32.75,2.5
64,2,2019-05-01 00:07:22,2019-05-01 00:22:14,1,3.39,1,N,79,80,1,14.0,0.5,0.5,3.56,0.0,0.3,21.36,2.5
65,2,2019-05-01 00:09:44,2019-05-01 00:16:40,1,1.33,1,N,144,261,2,6.5,0.5,0.5,0.0,0.0,0.3,10.3,2.5
66,1,2019-05-01 00:12:34,2019-05-01 00:22:01,1,2.2,1,N,50,90,2,9.5,3.0,0.5,0.0,0.0,0.3,13.3,2.5
67,2,2019-05-01 00:01:27,2019-05-01 00:10:17,1,1.62,1,N,161,143,1,8.5,0.5,0.5,2.46,0.0,0.3,14.76,2.5
68,2,2019-05-01 00:54:53,2019-05-01 01:03:37,5,1.93,1,N,238,166,2,9.0,0.5,0.5,0.0,0.0,0.3,12.8,2.5
69,1,2019-05-01 00:30:23,2019-05-01 00:42:26,4,2.4,1,N,234,230,1,10.5,3.0,0.5,2.85,0.0,0.3,17.15,2.5
70,1,2019-05-01 00:05:03,2019-05-01 00:17:40,1,1.9,1,N,107,232,1,10.0,3.0,0.5,2.07,0.0,0.3,15.87,2.5
71,1,2019-05-01 00:37:16,2019-05-01 00:47:29,1,3.0,1,N,234,261,1,11.0,3.0,0.5,2.0,0.0,0.3,16.8,2.5
72,1,2019-05-01 00:22:47,2019-05-01 00:53:49,1,6.8,1,N,249,166,1,24.5,3.0,0.5,5.65,0.0,0.3,33.95,2.5
73,1,2019-05-01 00:31:42,2019-05-01 00:49:30,1,3.6,1,N,79,163,2,15.0,3.0,0.5,0.0,0.0,0.3,18.8,2.5
74,1,2019-05-01 00:03:29,2019-05-01 00:12:34,2,1.9,1,N,238,43,1,9.0,3.0,0.5,1.92,0.0,0.3,14.72,2.5
75,1,2019-05-01 00:01:48,2019-05-01 00:42:56,3,22.5,2,N,132,48,1,52.0,2.5,0.5,5.0,6.12,0.3,66.42,2.5
76,1,2019-05-01 00:45:32,2019-05-01 01:00:05,2,2.5,1,N,48,90,1,12.0,3.0,0.5,2.0,0.0,0.3,17.8,2.5
77,2,2019-05-01 00:47:33,2019-05-01 01:10:06,2,4.06,1,N,62,17,1,17.0,0.5,0.5,3.66,0.0,0.3,23.91,0.0
78,2,2019-05-01 00:58:18,2019-05-01 01:11:20,1,4.0,1,N,143,116,2,13.0,0.5,0.5,0.0,0.0,0.3,16.8,2.5
79,1,2019-05-01 00:42:51,2019-05-01 01:06:22,1,5.3,1,N,79,238,2,20.0,3.0,0.5,0.0,0.0,0.3,23.8,2.5
80,2,2019-05-01 00:03:42,2019-05-01 00:40:20,3,8.33,1,N,142,65,1,30.5,0.5,0.5,8.58,0.0,0.3,42.88,2.5
81,2,2019-05-01 00:10:05,2019-05-01 00:18:30,1,2.21,1,N,162,113,1,9.0,0.5,0.5,2.56,0.0,0.3,15.36,2.5
82,2,2019-05-01 00:27:29,2019-05-01 00:33:26,1,1.79,1,N,249,100,1,7.5,0.5,0.5,2.82,0.0,0.3,14.12,2.5
83,2,2019-05-01 00:34:41,2019-05-01 00:37:26,1,0.56,1,N,100,186,2,4.0,0.5,0.5,0.0,0.0,0.3,7.8,2.5
84,2,2019-05-01 00:52:00,2019-05-01 01:20:15,1,5.38,1,N,249,37,2,22.5,0.5,0.5,0.0,0.0,0.3,26.3,2.5
85,2,2019-05-01 00:01:41,2019-05-01 00:09:20,5,2.44,1,N,137,263,1,9.0,0.5,0.5,2.56,0.0,0.3,15.36,2.5
86,2,2019-05-01 00:38:54,2019-05-01 00:45:15,1,1.09,1,N,41,74,2,6.5,0.5,0.5,0.0,0.0,0.3,7.8,0.0
87,2,2019-05-01 00:05:15,2019-05-01 00:29:05,5,3.94,1,N,161,202,1,17.0,0.5,0.5,6.24,0.0,0.3,27.04,2.5
88,2,2019-05-01 00:10:26,2019-05-01 00:13:38,1,0.41,1,N,142,163,1,4.0,0.5,0.5,1.95,0.0,0.3,9.75,2.5
89,2,2019-05-01 00:55:30,2019-05-01 01:26:32,2,8.8,1,N,48,129,2,30.0,0.5,0.5,0.0,0.0,0.3,33.8,2.5
90,1,2019-05-01 00:00:40,2019-05-01 00:07:31,1,1.6,1,N,113,137,1,7.0,3.0,0.5,2.15,0.0,0.3,12.95,2.5
91,1,2019-05-01 00:16:11,2019-05-01 00:24:21,1,1.4,1,N,79,234,2,7.5,3.0,0.5,0.0,0.0,0.3,11.3,2.5
92,1,2019-05-01 00:58:10,2019-05-01 01:18:13,2,7.7,1,N,90,42,1,24.5,3.0,0.5,5.65,0.0,0.3,33.95,2.5
93,2,2019-04-30 23:59:08,2019-05-01 00:16:18,2,4.14,1,N,148,141,1,15.0,0.5,0.5,2.0,0.0,0.3,20.8,2.5
94,2,2019-05-01 00:01:15,2019-05-01 00:04:53,1,1.06,1,N,162,170,1,5.5,0.5,0.5,10.0,0.0,0.3,19.3,2.5
95,2,2019-05-01 00:14:21,2019-05-01 00:25:00,1,2.09,1,N,234,161,1,9.5,0.5,0.5,2.66,0.0,0.3,15.96,2.5
96,2,2019-05-01 00:36:59,2019-05-01 00:42:57,1,1.78,1,N,263,74,1,7.0,0.5,0.5,1.0,0.0,0.3,11.8,2.5
97,1,2019-05-01 00:47:36,2019-05-01 00:52:41,1,1.0,1,N,230,68,2,5.5,3.0,0.5,0.0,0.0,0.3,9.3,2.5
98,2,2019-05-01 00:24:21,2019-05-01 00:31:39,1,1.3,1,N,164,48,2,7.0,0.5,0.5,0.0,0.0,0.3,10.8,2.5
99,1,2019-05-01 00:08:06,2019-05-01 00:14:23,1,1.2,1,N,249,211,1,6.0,3.0,0.5,2.0,0.0,0.3,11.8,2.5
100,1,2019-05-01 00:41:57,2019-05-01 00:49:04,1,2.0,1,N,234,229,1,8.0,3.0,0.5,1.0,0.0,0.3,12.8,2.5
101,1,2019-05-01 00:10:43,2019-05-01 00:19:30,0,1.7,1,N,237,229,1,8.0,3.0,0.5,2.35,0.0,0.3,14.15,2.5
102,1,2019-05-01 00:28:17,2019-05-01 00:52:19,0,5.0,1,N,161,148,1,19.5,3.0,0.5,0.0,0.0,0.3,23.3,2.5
103,1,2019-05-01 00:27:58,2019-05-01 00:30:26,1,10.6,1,N,106,106,1,2.5,0.5,0.5,1.2,0.0,0.3,5.0,0.0
104,1,2019-05-01 00:51:47,2019-05-01 01:15:42,1,15.5,1,N,45,241,1,42.5,3.0,0.5,9.25,0.0,0.3,55.55,2.5
105,2,2019-04-30 23:58:05,2019-05-01 00:15:12,1,7.43,1,N,132,265,1,22.5,0.5,0.5,5.95,0.0,0.3,29.75,0.0
106,2,2019-05-01 00:20:43,2019-05-01 00:26:22,1,1.16,1,N,231,87,1,6.0,0.5,0.5,2.45,0.0,0.3,12.25,2.5
107,2,2019-05-01 00:47:54,2019-05-01 00:53:01,2,0.88,1,N,162,162,1,5.5,0.5,0.5,1.4,0.0,0.3,10.7,2.5
108,1,2019-05-01 00:08:37,2019-05-01 00:13:51,1,0.9,1,N,239,142,1,6.0,3.0,0.5,1.47,0.0,0.3,11.27,2.5
109,1,2019-05-01 00:20:44,2019-05-01 00:31:45,1,2.3,1,N,239,41,1,10.0,3.0,0.5,2.75,0.0,0.3,16.55,2.5
110,1,2019-05-01 00:40:05,2019-05-01 00:47:34,1,2.5,1,N,237,74,2,9.0,3.0,0.5,0.0,0.0,0.3,12.8,2.5
111,1,2019-05-01 00:32:38,2019-05-01 00:32:54,1,0.0,1,N,193,193,2,2.5,0.5,0.5,0.0,0.0,0.3,3.8,0.0
112,2,2019-05-01 00:29:52,2019-05-01 00:35:45,2,0.91,1,N,237,162,1,6.0,0.5,0.5,1.0,0.0,0.3,10.8,2.5
113,2,2019-05-01 00:22:14,2019-05-01 00:32:52,3,1.31,1,N,162,48,1,8.0,0.5,0.5,1.77,0.0,0.3,13.57,2.5
114,2,2019-05-01 00:10:37,2019-05-01 00:15:41,1,0.99,1,N,138,129,2,5.5,0.5,0.5,0.0,0.0,0.3,6.8,0.0
115,2,2019-05-01 00:17:36,2019-05-01 00:39:19,1,11.25,1,N,129,208,2,33.5,0.5,0.5,0.0,6.12,0.3,40.92,0.0
116,2,2019-05-01 00:51:23,2019-05-01 01:10:22,1,3.91,1,N,229,7,1,15.0,0.5,0.5,3.76,0.0,0.3,22.56,2.5
117,1,2019-05-01 00:01:39,2019-05-01 00:13:06,1,2.0,1,N,170,158,1,9.5,3.0,0.5,2.65,0.0,0.3,15.95,2.5
118,1,2019-05-01 00:24:48,2019-05-01 00:28:04,1,0.5,1,N,79,79,1,4.5,3.0,0.5,1.66,0.0,0.3,9.96,2.5
119,1,2019-05-01 00:31:37,2019-05-01 00:41:35,2,2.3,1,N,148,234,1,10.0,3.0,0.5,1.0,0.0,0.3,14.8,2.5
120,1,2019-05-01 00:43:16,2019-05-01 00:50:19,1,1.6,1,N,234,162,1,7.5,3.0,0.5,0.2,0.0,0.3,11.5,2.5
121,1,2019-05-01 00:55:52,2019-05-01 01:05:25,1,2.0,1,N,162,68,1,9.0,3.0,0.5,2.55,0.0,0.3,15.35,2.5
122,2,2019-05-01 00:15:56,2019-05-01 00:18:45,1,0.99,1,N,236,75,1,5.0,0.5,0.5,0.0,0.0,0.3,8.8,2.5
123,2,2019-05-01 00:20:06,2019-05-01 00:32:35,1,4.36,1,N,75,235,2,14.5,0.5,0.5,0.0,0.0,0.3,15.8,0.0
124,2,2019-05-01 00:45:56,2019-05-01 00:57:26,1,2.41,1,N,244,127,1,11.0,0.5,0.5,2.46,0.0,0.3,14.76,0.0
125,2,2019-05-01 00:28:40,2019-05-01 01:09:52,3,20.23,2,N,132,249,2,52.0,0.0,0.5,0.0,0.0,0.3,55.3,2.5
126,2,2019-05-01 00:40:47,2019-05-01 01:01:51,1,4.75,1,N,249,237,1,18.5,0.5,0.5,5.58,0.0,0.3,27.88,2.5
127,2,2019-05-01 00:06:04,2019-05-01 00:12:53,1,1.64,1,N,237,236,2,7.5,0.5,0.5,0.0,0.0,0.3,11.3,2.5
128,2,2019-05-01 00:43:49,2019-05-01 00:47:00,1,1.23,1,N,48,246,1,5.5,0.5,0.5,1.0,0.0,0.3,10.3,2.5
129,2,2019-05-01 00:32:39,2019-05-01 01:10:32,1,4.02,1,N,162,226,1,24.0,0.5,0.5,5.56,0.0,0.3,33.36,2.5
130,1,2019-05-01 00:39:27,2019-05-01 01:12:24,2,12.2,1,N,132,189,1,36.5,0.5,0.5,7.55,0.0,0.3,45.35,0.0
131,2,2019-05-01 00:15:02,2019-05-01 00:23:17,1,1.38,1,N,166,238,1,7.5,0.5,0.5,2.26,0.0,0.3,13.56,2.5
132,2,2019-05-01 00:46:11,2019-05-01 01:01:53,1,5.24,1,N,142,116,2,17.5,0.5,0.5,0.0,0.0,0.3,21.3,2.5
133,1,2019-05-01 00:47:20,2019-05-01 01:02:35,1,5.3,1,N,132,205,2,18.0,0.5,0.5,0.0,0.0,0.3,19.3,0.0
134,2,2019-05-01 00:17:35,2019-05-01 00:31:06,3,2.78,1,N,161,262,2,11.5,0.5,0.5,0.0,0.0,0.3,15.3,2.5
135,1,2019-05-01 00:22:02,2019-05-01 00:45:45,1,5.7,1,N,162,231,1,21.0,3.0,0.5,4.95,0.0,0.3,29.75,2.5
136,1,2019-05-01 00:49:46,2019-05-01 00:59:36,1,1.8,1,N,125,87,1,8.5,3.0,0.5,2.0,0.0,0.3,14.3,2.5
137,1,2019-05-01 00:00:41,2019-05-01 00:07:51,0,1.1,1,N,79,107,1,7.0,3.0,0.5,1.08,0.0,0.3,11.88,2.5
138,1,2019-05-01 00:25:53,2019-05-01 00:30:28,1,1.0,1,N,144,107,1,5.5,3.0,0.5,1.5,0.0,0.3,10.8,2.5
139,1,2019-05-01 00:59:24,2019-05-01 01:04:30,1,2.0,1,N,79,229,2,7.5,3.0,0.5,0.0,0.0,0.3,11.3,2.5
140,1,2019-05-01 00:33:30,2019-05-01 00:56:30,2,4.5,1,N,249,106,1,19.0,3.0,0.5,4.55,0.0,0.3,27.35,2.5
141,1,2019-05-01 00:00:41,2019-05-01 00:32:08,1,18.0,2,N,132,163,1,52.0,2.5,0.5,4.0,6.12,0.3,65.42,2.5
142,2,2019-05-01 00:24:33,2019-05-01 00:29:15,1,0.79,1,N,239,142,1,5.5,0.5,0.5,2.79,0.0,0.3,12.09,2.5
143,2,2019-05-01 00:45:51,2019-05-01 00:57:48,1,1.87,1,N,163,237,1,10.0,0.5,0.5,4.14,0.0,0.3,17.94,2.5
144,1,2019-05-01 00:25:03,2019-05-01 00:29:52,1,0.8,1,N,263,43,2,5.5,3.0,0.5,0.0,0.0,0.3,9.3,2.5
145,1,2019-05-01 00:34:09,2019-05-01 00:37:53,3,0.6,1,N,163,162,1,5.0,3.0,0.5,2.2,0.0,0.3,11.0,2.5
146,1,2019-05-01 00:40:10,2019-05-01 00:45:49,2,1.7,1,N,162,263,1,7.5,3.0,0.5,2.25,0.0,0.3,13.55,2.5
147,2,2019-05-01 00:21:59,2019-05-01 00:27:05,2,0.51,1,N,161,163,2,5.0,0.5,0.5,0.0,0.0,0.3,8.8,2.5
148,2,2019-05-01 00:36:43,2019-05-01 00:43:17,1,2.33,1,N,229,75,1,8.5,0.5,0.5,2.46,0.0,0.3,14.76,2.5
149,2,2019-05-01 00:11:18,2019-05-01 00:35:44,1,18.27,2,N,132,148,1,52.0,0.0,0.5,11.06,0.0,0.3,66.36,2.5
150,2,2019-05-01 00:47:45,2019-05-01 00:57:41,1,3.05,1,N,164,236,1,11.0,0.5,0.5,3.7,0.0,0.3,18.5,2.5
151,2,2019-05-01 00:06:22,2019-05-01 00:19:15,1,2.5,1,N,158,164,2,11.0,0.5,0.5,0.0,0.0,0.3,14.8,2.5
152,2,2019-05-01 00:25:56,2019-05-01 00:49:18,1,5.38,1,N,234,17,1,20.5,0.5,0.5,7.29,0.0,0.3,31.59,2.5
153,2,2019-05-01 00:57:16,2019-05-01 01:03:41,1,2.34,1,N,256,148,1,9.0,0.5,0.5,3.2,0.0,0.3,16.0,2.5
154,1,2019-05-01 00:06:21,2019-05-01 00:12:47,1,0.7,1,N,237,163,1,6.0,3.0,0.5,2.45,0.0,0.3,12.25,2.5
155,2,2019-05-01 00:17:31,2019-05-01 00:28:22,1,1.78,1,N,90,148,2,9.0,0.5,0.5,0.0,0.0,0.3,12.8,2.5
156,2,2019-05-01 00:29:42,2019-05-01 00:33:49,1,0.85,1,N,148,4,1,5.0,0.5,0.5,1.0,0.0,0.3,9.8,2.5
157,1,2019-05-01 00:17:31,2019-05-01 00:22:03,1,0.9,1,N,229,162,2,5.5,3.0,0.5,0.0,0.0,0.3,9.3,2.5
158,1,2019-05-01 00:03:54,2019-05-01 00:26:55,1,4.4,1,N,234,33,1,17.5,3.0,0.5,4.25,0.0,0.3,25.55,2.5
159,1,2019-05-01 00:59:03,2019-05-01 01:08:23,2,1.4,1,N,231,79,1,8.0,3.0,0.5,2.36,0.0,0.3,14.16,2.5
160,2,2019-05-01 00:23:02,2019-05-01 00:55:27,1,18.19,2,N,132,186,2,52.0,0.0,0.5,0.0,6.12,0.3,61.42,2.5
161,1,2019-05-01 00:35:08,2019-05-01 00:46:42,1,3.8,1,N,48,41,1,13.0,3.0,0.5,3.35,0.0,0.3,20.15,2.5
162,1,2019-05-01 00:33:11,2019-05-01 00:42:51,1,1.5,1,N,231,79,2,8.5,3.0,0.5,0.0,0.0,0.3,12.3,2.5
163,1,2019-05-01 00:29:02,2019-05-01 00:36:21,1,2.3,1,N,162,263,1,8.5,3.0,0.5,1.0,0.0,0.3,13.3,2.5
164,1,2019-05-01 00:50:34,2019-05-01 01:21:06,1,3.8,1,N,161,226,2,21.0,3.0,0.5,0.0,0.0,0.3,24.8,2.5
165,2,2019-05-01 00:20:39,2019-05-01 00:52:54,1,18.0,2,N,132,186,1,52.0,0.0,0.5,12.28,6.12,0.3,73.7,2.5
166,1,2019-05-01 00:54:09,2019-05-01 01:02:41,3,1.5,1,N,246,246,1,8.0,3.0,0.5,2.35,0.0,0.3,14.15,2.5
167,1,2019-05-01 00:29:22,2019-05-01 00:44:06,3,2.7,1,N,231,107,1,12.0,3.0,0.5,3.15,0.0,0.3,18.95,2.5
168,1,2019-05-01 00:45:16,2019-05-01 00:49:32,1,1.5,1,N,107,233,1,6.0,3.0,0.5,2.45,0.0,0.3,12.25,2.5
169,1,2019-05-01 00:22:54,2019-05-01 00:30:47,1,1.5,1,N,90,48,1,7.5,3.0,0.5,2.0,0.0,0.3,13.3,2.5
170,1,2019-05-01 00:44:19,2019-05-01 01:11:34,1,8.0,1,N,246,61,1,26.5,3.0,0.5,3.0,0.0,0.3,33.3,2.5
171,2,2019-05-01 00:15:58,2019-05-01 00:25:35,6,1.98,1,N,142,161,1,9.0,0.5,0.5,2.56,0.0,0.3,15.36,2.5
172,2,2019-05-01 00:46:31,2019-05-01 00:50:40,6,0.77,1,N,142,143,1,5.0,0.5,0.5,1.76,0.0,0.3,10.56,2.5
173,2,2019-05-01 00:01:38,2019-05-01 00:14:01,1,5.75,1,N,229,88,1,18.0,0.5,0.5,4.36,0.0,0.3,26.16,2.5
174,2,2019-05-01 00:30:52,2019-05-01 01:00:32,1,5.83,1,N,164,7,2,22.5,0.5,0.5,0.0,0.0,0.3,26.3,2.5
175,2,2019-05-01 00:06:00,2019-05-01 00:41:02,1,7.68,1,N,233,61,1,28.5,0.5,0.5,6.46,0.0,0.3,38.76,2.5
176,2,2019-05-01 00:20:09,2019-05-01 00:21:33,1,0.4,1,N,162,162,2,3.5,0.5,0.5,0.0,0.0,0.3,7.3,2.5
177,1,2019-05-01 00:29:10,2019-05-01 00:55:28,1,17.2,2,N,132,162,1,52.0,2.5,0.5,12.25,6.12,0.3,73.67,2.5
178,1,2019-05-01 00:23:41,2019-05-01 00:29:46,1,1.0,1,N,107,79,1,6.0,3.0,0.5,1.8,0.0,0.3,11.6,2.5
179,1,2019-05-01 00:45:07,2019-05-01 00:54:02,3,1.4,1,N,107,68,1,8.0,3.0,0.5,1.0,0.0,0.3,12.8,2.5
180,2,2019-05-01 00:22:26,2019-05-01 00:27:19,2,1.08,1,N,230,50,1,6.0,0.5,0.5,1.47,0.0,0.3,11.27,2.5
181,2,2019-05-01 00:34:32,2019-05-01 00:50:00,2,4.83,1,N,48,116,1,16.0,0.5,0.5,5.94,0.0,0.3,25.74,2.5
182,2,2019-05-01 00:25:20,2019-05-01 00:37:25,3,2.62,1,N,229,239,1,11.5,0.5,0.5,3.82,0.0,0.3,19.12,2.5
183,1,2019-05-01 00:01:09,2019-05-01 00:25:12,1,17.1,1,N,132,80,2,46.0,0.5,0.5,0.0,0.0,0.3,47.3,0.0
184,2,2019-05-01 00:02:08,2019-05-01 00:17:41,1,5.13,1,N,230,42,1,16.5,0.5,0.5,5.08,0.0,0.3,25.38,2.5
185,2,2019-05-01 00:20:21,2019-05-01 00:25:59,1,1.38,1,N,41,152,1,6.5,0.5,0.5,1.95,0.0,0.3,9.75,0.0
186,2,2019-05-01 00:51:20,2019-05-01 01:00:51,1,2.34,1,N,238,116,2,10.5,0.5,0.5,0.0,0.0,0.3,11.8,0.0
187,2,2019-05-01 00:01:48,2019-05-01 00:11:41,1,2.55,1,N,237,75,2,10.0,0.5,0.5,0.0,0.0,0.3,13.8,2.5
188,1,2019-05-01 00:28:13,2019-05-01 01:02:26,3,19.1,2,N,132,230,1,52.0,2.5,0.5,12.25,6.12,0.3,73.67,2.5
189,2,2019-05-01 00:34:21,2019-05-01 00:45:21,1,2.31,1,N,142,236,1,10.5,0.5,0.5,2.14,0.0,0.3,16.44,2.5
190,1,2019-05-01 00:59:57,2019-05-01 01:13:18,2,2.9,1,N,43,234,1,12.0,3.0,0.5,3.16,0.0,0.3,18.96,2.5
191,1,2019-05-01 00:58:25,2019-05-01 01:23:02,1,13.1,1,N,132,160,2,37.0,0.5,0.5,0.0,0.0,0.3,38.3,0.0
192,1,2019-05-01 00:31:18,2019-05-01 00:31:40,1,16.0,1,N,132,132,4,2.5,0.5,0.5,0.0,0.0,0.3,3.8,0.0
193,1,2019-05-01 00:32:16,2019-05-01 01:05:32,1,19.4,2,N,132,114,2,52.0,2.5,0.5,0.0,0.0,0.3,55.3,2.5
194,1,2019-05-01 00:21:23,2019-05-01 00:27:56,1,1.6,1,N,125,13,3,7.0,3.0,0.5,0.0,0.0,0.3,10.8,2.5
195,1,2019-05-01 00:39:29,2019-05-01 00:53:07,1,3.2,1,N,125,170,1,12.5,3.0,0.5,3.25,0.0,0.3,19.55,2.5
196,1,2019-05-01 00:49:54,2019-05-01 01:17:54,1,16.5,1,N,132,213,2,46.0,0.5,0.5,0.0,6.12,0.3,53.42,0.0
197,2,2019-05-01 00:15:38,2019-05-01 00:19:19,1,0.65,1,N,48,50,2,4.5,0.5,0.5,0.0,0.0,0.3,8.3,2.5
198,2,2019-05-01 00:21:42,2019-05-01 00:27:38,1,1.67,1,N,50,43,2,7.0,0.5,0.5,0.0,0.0,0.3,10.8,2.5
199,2,2019-05-01 00:38:11,2019-05-01 00:47:28,1,2.1,1,N,48,90,1,9.0,0.5,0.5,2.56,0.0,0.3,15.36,2.5
200,2,2019-04-30 23:59:42,2019-05-01 00:13:35,2,8.69,1,N,138,141,1,25.0,0.5,0.5,6.98,6.12,0.3,41.9,2.5
201,2,2019-05-01 00:19:03,2019-05-01 00:36:40,1,3.18,1,N,237,68,1,12.5,0.5,0.5,3.26,0.0,0.3,19.56,2.5
202,2,2019-05-01 00:52:22,2019-05-01 01:17:56,5,7.33,1,N,141,256,1,24.0,0.5,0.5,5.56,0.0,0.3,33.36,2.5
203,2,2019-05-01 00:06:27,2019-05-01 00:25:34,1,4.56,1,N,114,43,1,17.0,0.5,0.5,4.16,0.0,0.3,24.96,2.5
204,2,2019-05-01 00:36:19,2019-05-01 00:52:55,1,4.51,1,N,48,13,2,16.5,0.5,0.5,0.0,0.0,0.3,20.3,2.5
205,2,2019-05-01 00:55:28,2019-05-01 01:13:28,1,4.29,1,N,261,189,1,16.5,0.5,0.5,4.06,0.0,0.3,24.36,2.5
206,2,2019-05-01 00:09:36,2019-05-01 00:17:00,1,2.16,1,N,231,68,1,8.5,0.5,0.5,2.46,0.0,0.3,14.76,2.5
207,2,2019-05-01 00:43:23,2019-05-01 01:00:56,1,8.71,1,N,231,263,1,25.5,0.5,0.5,5.86,0.0,0.3,35.16,2.5
208,2,2019-05-01 00:24:08,2019-05-01 00:31:15,1,1.2,1,N,230,100,1,6.5,0.5,0.5,2.06,0.0,0.3,12.36,2.5
209,2,2019-05-01 00:41:04,2019-05-01 00:48:11,1,1.38,1,N,161,237,2,7.0,0.5,0.5,0.0,0.0,0.3,10.8,2.5
210,1,2019-05-01 00:25:14,2019-05-01 00:33:07,1,1.6,1,N,170,114,1,8.0,3.0,0.5,2.35,0.0,0.3,14.15,2.5
211,1,2019-05-01 00:53:17,2019-05-01 00:56:37,1,0.5,1,N,181,181,1,4.5,0.5,0.5,1.15,0.0,0.3,6.95,0.0
212,1,2019-05-01 00:45:54,2019-05-01 00:56:31,1,7.2,1,N,148,196,2,21.0,3.0,0.5,0.0,0.0,0.3,24.8,2.5
213,2,2019-04-30 23:58:20,2019-05-01 00:19:44,1,11.85,1,N,97,97,2,32.5,0.5,0.5,0.0,0.0,0.3,33.8,0.0
214,2,2019-05-01 00:02:41,2019-05-01 00:32:02,1,5.06,1,N,162,82,1,22.0,0.5,0.5,5.16,0.0,0.3,30.96,2.5
215,1,2019-05-01 00:20:14,2019-05-01 00:41:07,1,15.7,1,N,132,255,1,42.0,0.5,0.5,8.65,0.0,0.3,51.95,0.0
216,1,2019-05-01 00:40:55,2019-05-01 00:44:06,0,0.8,1,N,90,249,1,4.5,3.0,0.5,1.65,0.0,0.3,9.95,2.5
217,2,2019-05-01 00:06:29,2019-05-01 00:16:57,5,1.41,1,N,237,50,1,8.5,0.5,0.5,1.2,0.0,0.3,13.5,2.5
218,2,2019-05-01 00:21:12,2019-05-01 00:25:24,1,0.71,1,N,249,90,2,5.0,0.5,0.5,0.0,0.0,0.3,8.8,2.5
219,2,2019-05-01 00:08:10,2019-05-01 00:11:48,1,0.95,1,N,140,263,2,5.0,0.5,0.5,0.0,0.0,0.3,8.8,2.5
220,2,2019-05-01 00:16:48,2019-05-01 00:21:35,1,1.49,1,N,236,43,1,6.5,0.5,0.5,2.06,0.0,0.3,12.36,2.5
221,2,2019-05-01 00:30:50,2019-05-01 00:36:24,2,0.89,1,N,43,142,1,5.5,0.5,0.5,0.0,0.0,0.3,9.3,2.5
222,2,2019-05-01 00:18:23,2019-05-01 00:22:34,1,1.12,1,N,211,158,1,5.5,0.5,0.5,1.86,0.0,0.3,11.16,2.5
223,2,2019-05-01 00:43:10,2019-05-01 00:52:02,2,2.69,1,N,79,229,1,9.5,0.5,0.5,1.0,0.0,0.3,14.3,2.5
224,2,2019-05-01 00:05:48,2019-05-01 00:12:40,1,0.85,1,N,161,230,1,6.0,0.5,0.5,1.96,0.0,0.3,11.76,2.5
225,1,2019-05-01 00:10:29,2019-05-01 00:17:38,1,1.2,1,N,170,50,2,7.0,3.0,0.5,0.0,0.0,0.3,10.8,2.5
226,1,2019-05-01 00:36:36,2019-05-01 00:43:11,1,1.2,1,N,231,261,2,6.5,3.0,0.5,0.0,0.0,0.3,10.3,2.5
227,1,2019-05-01 00:42:36,2019-05-01 00:46:49,1,1.3,1,N,90,48,1,6.0,3.0,0.5,1.2,0.0,0.3,11.0,2.5
228,1,2019-05-01 00:31:01,2019-05-01 00:47:41,1,8.7,1,N,132,95,1,26.0,0.5,0.5,5.45,0.0,0.3,32.75,0.0
229,2,2019-05-01 00:40:09,2019-05-01 01:21:35,5,22.72,1,N,132,25,1,63.5,0.5,0.5,5.0,0.0,0.3,69.8,0.0
230,2,2019-05-01 00:25:46,2019-05-01 00:31:56,6,2.02,1,N,68,142,1,8.0,0.5,0.5,3.54,0.0,0.3,15.34,2.5
231,2,2019-05-01 00:56:24,2019-05-01 01:05:51,6,2.53,1,N,161,107,1,9.5,0.5,0.5,2.66,0.0,0.3,15.96,2.5
232,2,2019-05-01 00:53:24,2019-05-01 00:55:31,2,0.39,1,N,186,100,1,3.5,0.5,0.5,1.46,0.0,0.3,8.76,2.5
233,1,2019-05-01 00:30:14,2019-05-01 00:37:14,1,1.4,1,N,237,262,2,7.5,3.0,0.5,0.0,0.0,0.3,11.3,2.5
234,1,2019-05-01 00:42:14,2019-05-01 00:50:27,1,1.9,1,N,236,238,1,8.5,3.0,0.5,1.0,0.0,0.3,13.3,2.5
235,2,2019-05-01 00:05:34,2019-05-01 00:18:58,1,3.53,1,N,161,41,2,13.5,0.5,0.5,0.0,0.0,0.3,17.3,2.5
236,2,2019-05-01 00:40:20,2019-05-01 00:42:59,1,0.81,1,N,236,236,1,4.5,0.5,0.5,1.66,0.0,0.3,9.96,2.5
237,2,2019-05-01 00:01:01,2019-05-01 00:28:59,1,10.26,1,N,224,258,1,31.0,0.5,0.5,7.0,6.12,0.3,47.92,2.5
238,1,2019-05-01 00:42:25,2019-05-01 00:46:12,1,0.9,1,N,161,164,1,5.0,3.0,0.5,2.6,0.0,0.3,11.4,2.5
239,1,2019-05-01 00:06:01,2019-05-01 00:14:41,1,2.7,1,N,163,24,3,10.0,3.0,0.5,0.0,0.0,0.3,13.8,2.5
240,2,2019-04-30 23:46:07,2019-04-30 23:53:32,1,1.3,1,N,79,249,2,7.0,0.5,0.5,0.0,0.0,0.3,10.8,2.5
241,2,2019-05-01 00:05:16,2019-05-01 00:16:33,1,2.21,1,N,211,186,2,9.5,0.5,0.5,0.0,0.0,0.3,13.3,2.5
242,1,2019-05-01 00:35:50,2019-05-01 00:46:03,2,2.8,1,N,137,141,2,10.5,3.0,0.5,0.0,0.0,0.3,14.3,2.5
243,1,2019-05-01 00:36:29,2019-05-01 00:47:49,3,2.4,1,N,170,148,1,10.5,3.0,0.5,2.85,0.0,0.3,17.15,2.5
244,1,2019-05-01 00:02:39,2019-05-01 00:10:20,1,1.1,1,N,211,148,1,7.0,3.0,0.5,2.15,0.0,0.3,12.95,2.5
245,1,2019-05-01 00:04:44,2019-05-01 00:09:24,1,0.6,1,N,107,164,1,5.0,3.0,0.5,1.0,0.0,0.3,9.8,2.5
246,1,2019-05-01 00:34:20,2019-05-01 00:48:39,1,4.0,1,N,234,238,1,15.0,3.0,0.5,3.75,0.0,0.3,22.55,2.5
247,1,2019-05-01 00:40:47,2019-05-01 00:48:48,1,2.0,1,N,161,141,1,8.5,3.0,0.5,1.0,0.0,0.3,13.3,2.5
248,1,2019-05-01 00:04:10,2019-05-01 00:15:08,2,2.5,1,N,230,79,1,10.0,3.0,0.5,2.75,0.0,0.3,16.55,2.5
249,1,2019-05-01 00:21:09,2019-05-01 00:36:20,1,3.3,1,N,79,48,1,13.0,3.0,0.5,3.35,0.0,0.3,20.15,2.5
250,1,2019-05-01 00:45:39,2019-05-01 00:59:48,1,3.3,1,N,100,262,1,13.0,3.0,0.5,3.35,0.0,0.3,20.15,2.5
251,2,2019-05-01 00:19:46,2019-05-01 00:33:23,1,3.54,1,N,79,246,1,13.0,0.5,0.5,3.36,0.0,0.3,20.16,2.5
252,2,2019-05-01 00:47:51,2019-05-01 00:51:08,1,0.51,1,N,113,114,1,4.0,0.5,0.5,1.56,0.0,0.3,9.36,2.5
253,2,2019-05-01 00:47:13,2019-05-01 01:26:52,2,18.92,2,N,132,230,1,52.0,0.0,0.5,11.06,0.0,0.3,66.36,2.5
254,2,2019-05-01 00:49:09,2019-05-01 01:18:08,2,17.83,2,N,132,164,2,52.0,0.0,0.5,0.0,6.12,0.3,61.42,2.5
255,1,2019-05-01 00:50:01,2019-05-01 00:53:31,2,0.9,1,N,48,48,1,4.5,3.0,0.5,1.65,0.0,0.3,9.95,2.5
256,2,2019-05-01 00:25:19,2019-05-01 00:34:41,1,2.1,1,N,163,107,1,9.5,0.5,0.5,3.99,0.0,0.3,17.29,2.5
257,2,2019-05-01 00:53:56,2019-05-01 01:05:32,4,2.95,1,N,142,43,1,12.0,0.5,0.5,3.16,0.0,0.3,18.96,2.5
258,2,2019-05-01 00:09:20,2019-05-01 00:17:12,1,2.25,1,N,161,249,1,8.5,0.5,0.5,2.46,0.0,0.3,14.76,2.5
259,1,2019-05-01 00:25:40,2019-05-01 00:30:44,1,0.9,1,N,142,230,2,5.5,3.0,0.5,0.0,0.0,0.3,9.3,2.5
260,1,2019-05-01 00:42:27,2019-05-01 00:51:08,4,1.6,1,N,142,162,1,8.0,3.0,0.5,2.0,0.0,0.3,13.8,2.5
261,1,2019-05-01 00:57:15,2019-05-01 01:07:31,2,1.6,1,N,162,246,1,9.0,3.0,0.5,2.55,0.0,0.3,15.35,2.5
262,2,2019-05-01 00:13:18,2019-05-01 00:18:00,5,0.6,1,N,230,170,1,5.0,0.5,0.5,0.0,0.0,0.3,8.8,2.5
263,2,2019-05-01 00:38:42,2019-05-01 00:44:58,5,1.15,1,N,231,87,1,6.5,0.5,0.5,2.06,0.0,0.3,12.36,2.5
264,1,2019-05-01 00:34:32,2019-05-01 00:38:24,1,0.6,1,N,45,209,2,4.5,3.0,0.5,0.0,0.0,0.3,8.3,2.5
265,1,2019-05-01 00:39:52,2019-05-01 00:44:34,1,0.9,1,N,209,232,1,5.5,3.0,0.5,1.85,0.0,0.3,11.15,2.5
266,1,2019-05-01 00:11:15,2019-05-01 00:20:53,1,4.8,1,N,87,233,2,15.0,3.0,0.5,0.0,0.0,0.3,18.8,2.5
267,1,2019-05-01 00:27:39,2019-05-01 00:33:24,1,1.6,1,N,141,236,1,7.0,3.0,0.5,2.15,0.0,0.3,12.95,2.5
268,2,2019-05-01 00:24:59,2019-05-01 00:28:41,1,0.67,1,N,231,125,1,4.5,0.5,0.5,1.0,0.0,0.3,9.3,2.5
269,2,2019-05-01 00:13:05,2019-05-01 00:23:04,1,2.28,1,N,41,42,2,10.0,0.5,0.5,0.0,0.0,0.3,11.3,0.0
270,2,2019-05-01 00:34:04,2019-05-01 00:54:40,1,4.09,1,N,263,7,2,15.5,0.5,0.5,0.0,0.0,0.3,19.3,2.5
271,1,2019-05-01 00:24:56,2019-05-01 00:31:46,1,0.6,1,N,234,79,1,5.0,3.0,0.5,1.75,0.0,0.3,10.55,2.5
272,1,2019-05-01 00:58:59,2019-05-01 01:12:36,1,2.0,1,N,148,90,1,10.0,3.0,0.5,2.0,0.0,0.3,15.8,2.5
273,1,2019-05-01 00:35:09,2019-05-01 00:41:25,1,1.3,1,N,97,49,2,6.5,0.5,0.5,0.0,0.0,0.3,7.8,0.0
274,1,2019-05-01 00:02:56,2019-05-01 00:29:51,1,6.3,1,N,249,75,1,21.5,3.0,0.5,2.0,0.0,0.3,27.3,2.5
275,1,2019-05-01 00:38:11,2019-05-01 00:48:55,1,2.4,1,N,141,137,1,10.5,3.0,0.5,1.0,0.0,0.3,15.3,2.5
276,1,2019-05-01 00:49:53,2019-05-01 01:01:42,1,2.8,1,N,264,161,1,11.0,3.0,0.5,2.95,0.0,0.3,17.75,2.5
277,1,2019-05-01 00:33:03,2019-05-01 01:03:47,1,15.5,1,N,132,255,1,44.0,0.5,0.5,9.05,0.0,0.3,54.35,0.0
278,1,2019-05-01 00:57:17,2019-05-01 01:19:07,1,4.9,1,N,163,223,2,18.5,3.0,0.5,0.0,0.0,0.3,22.3,2.5
279,1,2019-05-01 00:36:48,2019-05-01 00:55:54,1,6.6,1,N,249,166,1,21.5,3.0,0.5,3.8,0.0,0.3,29.1,2.5
280,1,2019-05-01 00:04:27,2019-05-01 00:08:24,1,1.0,1,N,237,236,1,5.5,3.0,0.5,1.4,0.0,0.3,10.7,2.5
281,1,2019-05-01 00:15:13,2019-05-01 00:22:11,1,2.5,1,N,263,74,2,9.0,3.0,0.5,0.0,0.0,0.3,12.8,2.5
282,1,2019-05-01 00:53:24,2019-05-01 01:00:43,2,1.7,1,N,237,262,2,7.5,3.0,0.5,0.0,0.0,0.3,11.3,2.5
283,2,2019-05-01 00:01:50,2019-05-01 00:08:44,1,1.64,1,N,233,234,1,7.0,0.5,0.5,2.16,0.0,0.3,12.96,2.5
284,2,2019-05-01 00:14:11,2019-05-01 00:27:20,1,4.32,1,N,164,41,1,14.5,0.5,0.5,3.66,0.0,0.3,21.96,2.5
285,2,2019-05-01 00:09:52,2019-05-01 00:43:45,4,12.26,1,N,48,89,1,37.5,0.5,0.5,3.0,6.12,0.3,50.42,2.5
286,2,2019-05-01 00:44:44,2019-05-01 00:51:35,1,1.51,1,N,114,107,1,7.0,0.5,0.5,2.16,0.0,0.3,12.96,2.5
287,1,2019-05-01 00:21:55,2019-05-01 00:34:56,3,3.0,1,N,249,48,1,11.5,3.0,0.5,0.0,0.0,0.3,15.3,2.5
288,1,2019-05-01 00:39:02,2019-05-01 00:51:54,1,3.8,1,N,48,41,1,13.0,3.0,0.5,4.2,0.0,0.3,21.0,2.5
289,2,2019-05-01 00:09:43,2019-05-01 00:14:36,1,0.67,1,N,230,163,2,5.0,0.5,0.5,0.0,0.0,0.3,8.8,2.5
290,2,2019-05-01 00:18:10,2019-05-01 00:29:21,1,2.16,1,N,163,68,2,10.0,0.5,0.5,0.0,0.0,0.3,13.8,2.5
291,2,2019-05-01 00:30:30,2019-05-01 00:44:58,1,7.39,1,N,138,233,1,21.5,0.5,0.5,6.28,6.12,0.3,37.7,2.5
292,2,2019-05-01 00:58:09,2019-05-01 01:09:29,1,2.61,1,N,151,48,1,11.0,0.5,0.5,2.96,0.0,0.3,17.76,2.5
293,2,2019-05-01 00:29:51,2019-05-01 01:04:29,1,26.89,1,N,132,89,1,70.0,0.5,0.5,14.26,0.0,0.3,85.56,0.0
294,2,2019-05-01 00:09:45,2019-05-01 00:30:31,1,8.23,1,N,138,80,1,25.5,0.5,0.5,6.7,0.0,0.3,33.5,0.0
295,1,2019-05-01 00:03:49,2019-05-01 00:07:43,1,1.0,1,N,237,162,1,5.0,3.0,0.5,1.75,0.0,0.3,10.55,2.5
296,2,2019-05-01 00:03:17,2019-05-01 00:09:26,1,1.15,1,N,142,239,2,6.5,0.5,0.5,0.0,0.0,0.3,10.3,2.5
297,2,2019-05-01 00:26:51,2019-05-01 00:44:39,1,3.83,1,N,142,42,1,15.5,0.5,0.5,3.86,0.0,0.3,23.16,2.5
298,2,2019-04-30 23:51:58,2019-05-01 00:06:58,1,2.72,1,N,141,186,1,12.0,0.5,0.5,3.16,0.0,0.3,18.96,2.5
299,1,2019-05-01 00:15:26,2019-05-01 00:29:45,1,3.5,1,N,107,256,1,14.0,3.0,0.5,2.0,0.0,0.3,19.8,2.5
300,2,2019-05-01 00:30:59,2019-05-01 01:03:22,1,17.61,2,N,132,237,1,52.0,0.0,0.5,10.0,0.0,0.3,65.3,2.5
301,1,2019-05-01 00:51:32,2019-05-01 01:10:25,2,4.5,1,N,114,262,1,16.5,3.0,0.5,4.05,0.0,0.3,24.35,2.5
302,2,2019-05-01 00:10:14,2019-05-01 00:18:40,1,1.13,1,N,163,48,2,7.5,0.5,0.5,0.0,0.0,0.3,11.3,2.5
303,1,2019-05-01 00:01:36,2019-05-01 00:11:09,1,3.6,1,N,107,263,1,11.5,3.0,0.5,3.05,0.0,0.3,18.35,2.5
304,1,2019-05-01 00:16:07,2019-05-01 00:24:46,1,2.1,1,N,263,163,1,9.0,3.0,0.5,3.8,0.0,0.3,16.6,2.5
305,1,2019-05-01 00:50:41,2019-05-01 01:13:58,1,12.0,1,N,229,228,1,34.5,3.0,0.5,7.65,0.0,0.3,45.95,2.5
306,1,2019-05-01 00:17:00,2019-05-01 00:24:27,1,1.5,1,N,263,238,1,7.5,3.0,0.5,1.7,0.0,0.3,13.0,2.5
307,1,2019-05-01 00:27:28,2019-05-01 00:37:50,1,2.0,1,N,239,230,2,10.0,3.0,0.5,0.0,0.0,0.3,13.8,2.5
308,1,2019-05-01 00:44:09,2019-05-01 00:46:55,1,0.8,1,N,48,48,2,4.5,3.0,0.5,0.0,0.0,0.3,8.3,2.5
309,1,2019-05-01 00:35:23,2019-05-01 00:45:43,1,4.3,1,N,140,232,1,14.5,3.0,0.5,1.0,0.0,0.3,19.3,2.5
310,2,2019-05-01 00:32:37,2019-05-01 01:05:23,1,19.08,4,N,132,265,2,60.5,0.5,0.5,0.0,0.0,0.3,61.8,0.0
311,1,2019-05-01 00:08:35,2019-05-01 00:25:38,1,3.0,1,N,79,230,1,13.5,3.0,0.5,3.45,0.0,0.3,20.75,2.5
312,1,2019-05-01 00:28:34,2019-05-01 00:35:46,1,1.7,1,N,230,249,1,7.5,3.0,0.5,1.7,0.0,0.3,13.0,2.5
313,1,2019-05-01 00:47:26,2019-05-01 00:50:51,1,0.7,1,N,186,48,2,4.5,3.0,0.5,0.0,0.0,0.3,8.3,2.5
314,1,2019-05-01 00:29:09,2019-05-01 00:54:25,0,16.8,2,N,132,162,1,52.0,2.5,0.5,5.0,6.12,0.3,66.42,2.5
315,2,2019-05-01 00:14:35,2019-05-01 00:26:36,3,2.87,1,N,114,50,1,11.5,0.5,0.5,4.59,0.0,0.3,19.89,2.5
316,2,2019-05-01 00:42:11,2019-05-01 00:52:08,3,2.06,1,N,100,107,2,9.0,0.5,0.5,0.0,0.0,0.3,12.8,2.5
317,1,2019-05-01 00:36:32,2019-05-01 00:54:08,1,6.9,1,N,138,263,1,21.0,3.0,0.5,9.25,6.12,0.3,40.17,2.5
318,2,2019-04-30 23:59:06,2019-05-01 00:12:19,1,3.29,1,N,237,151,2,12.5,0.5,0.5,0.0,0.0,0.3,16.3,2.5
319,2,2019-05-01 00:26:01,2019-05-01 00:31:42,1,1.2,1,N,143,230,1,6.5,0.5,0.5,2.06,0.0,0.3,12.36,2.5
320,2,2019-05-01 00:33:43,2019-05-01 00:33:58,1,0.05,1,N,161,161,3,-2.5,-0.5,-0.5,0.0,0.0,-0.3,-6.3,-2.5
321,2,2019-05-01 00:33:43,2019-05-01 00:33:58,1,0.05,1,N,161,161,2,2.5,0.5,0.5,0.0,0.0,0.3,6.3,2.5
322,2,2019-05-01 00:04:53,2019-05-01 00:18:15,1,2.53,1,N,161,246,1,11.5,0.5,0.5,3.06,0.0,0.3,18.36,2.5
323,2,2019-05-01 00:34:32,2019-05-01 00:37:55,1,0.49,1,N,114,211,1,4.5,0.5,0.5,1.0,0.0,0.3,9.3,2.5
324,2,2019-05-01 00:15:02,2019-05-01 00:36:36,1,3.96,1,N,166,243,2,16.5,0.5,0.5,0.0,0.0,0.3,17.8,0.0
325,2,2019-04-30 23:58:51,2019-05-01 00:07:08,2,1.28,1,N,114,125,2,7.5,0.5,0.5,0.0,0.0,0.3,11.3,2.5
326,2,2019-05-01 00:19:42,2019-05-01 00:23:43,1,0.44,1,N,114,114,1,4.5,0.5,0.5,1.24,0.0,0.3,9.54,2.5
327,2,2019-05-01 00:35:37,2019-05-01 00:42:54,1,1.42,1,N,233,48,1,7.5,0.5,0.5,2.26,0.0,0.3,13.56,2.5
328,1,2019-05-01 00:09:14,2019-05-01 00:37:02,1,8.2,1,N,140,36,1,28.0,3.0,0.5,3.0,0.0,0.3,34.8,2.5
329,2,2019-05-01 00:06:02,2019-05-01 00:14:18,5,1.79,1,N,234,246,1,8.0,0.5,0.5,1.5,0.0,0.3,13.3,2.5
330,2,2019-05-01 00:35:01,2019-05-01 00:46:03,5,2.41,1,N,161,90,1,10.0,0.5,0.5,2.76,0.0,0.3,16.56,2.5
331,2,2019-05-01 00:49:13,2019-05-01 01:02:36,5,3.18,1,N,90,237,1,12.0,0.5,0.5,3.16,0.0,0.3,18.96,2.5
332,1,2019-05-01 00:03:20,2019-05-01 00:31:02,2,7.8,1,N,48,244,1,27.0,3.0,0.5,6.15,0.0,0.3,36.95,2.5
333,1,2019-05-01 00:50:26,2019-05-01 01:11:51,2,5.6,1,N,238,224,2,20.0,3.0,0.5,0.0,0.0,0.3,23.8,2.5
334,1,2019-05-01 00:01:54,2019-05-01 00:14:27,1,1.8,1,N,48,229,1,9.5,3.0,0.5,2.65,0.0,0.3,15.95,2.5
335,1,2019-05-01 00:52:53,2019-05-01 00:59:12,1,1.4,1,N,239,151,1,7.0,3.0,0.5,3.2,0.0,0.3,14.0,2.5
336,2,2019-05-01 00:14:35,2019-05-01 00:36:32,1,1.4,1,N,249,234,2,9.0,0.5,0.5,0.0,0.0,0.3,12.8,2.5
337,1,2019-05-01 00:05:13,2019-05-01 00:13:37,1,1.2,1,N,79,234,1,7.5,3.0,0.5,2.25,0.0,0.3,13.55,2.5
338,1,2019-05-01 00:25:24,2019-05-01 00:32:16,1,1.0,1,N,231,144,1,6.5,3.0,0.5,1.0,0.0,0.3,11.3,2.5
339,1,2019-05-01 00:54:13,2019-05-01 01:01:17,1,1.3,1,N,230,50,1,7.0,3.0,0.5,2.15,0.0,0.3,12.95,2.5
340,2,2019-05-01 00:13:59,2019-05-01 00:26:13,1,3.35,1,N,261,224,1,12.5,0.5,0.5,3.26,0.0,0.3,19.56,2.5
341,2,2019-05-01 00:30:51,2019-05-01 00:37:34,1,1.02,1,N,79,144,1,6.5,0.5,0.5,2.06,0.0,0.3,12.36,2.5
342,1,2019-05-01 00:26:07,2019-05-01 00:38:21,1,2.7,1,N,114,230,2,11.5,3.0,0.5,0.0,0.0,0.3,15.3,2.5
343,1,2019-05-01 00:13:00,2019-05-01 00:23:49,2,2.5,1,N,229,113,1,10.5,3.0,0.5,1.14,0.0,0.3,15.44,2.5
344,1,2019-05-01 00:30:54,2019-05-01 00:39:09,4,2.0,1,N,114,87,2,8.5,3.0,0.5,0.0,0.0,0.3,12.3,2.5
345,1,2019-05-01 00:19:46,2019-05-01 00:24:43,1,0.9,1,N,164,233,1,5.5,3.0,0.5,1.85,0.0,0.3,11.15,2.5
346,1,2019-05-01 00:38:37,2019-05-01 01:06:48,1,5.1,1,N,230,129,2,22.0,3.0,0.5,0.0,0.0,0.3,25.8,2.5
347,1,2019-05-01 00:04:25,2019-05-01 00:19:40,1,8.0,1,N,132,95,2,23.5,0.5,0.5,0.0,0.0,0.3,24.8,0.0
348,2,2019-05-01 00:40:11,2019-05-01 00:54:32,1,7.45,1,N,88,263,1,21.5,0.5,0.5,5.06,0.0,0.3,30.36,2.5
349,2,2019-05-01 00:00:08,2019-05-01 00:36:35,3,12.29,1,N,132,189,1,37.0,0.5,0.5,7.66,0.0,0.3,45.96,0.0
350,2,2019-05-01 00:10:20,2019-05-01 00:20:43,1,1.96,1,N,237,142,1,9.5,0.5,0.5,1.5,0.0,0.3,14.8,2.5
351,2,2019-05-01 00:44:15,2019-05-01 01:02:42,1,9.71,1,N,132,39,2,28.5,0.5,0.5,0.0,0.0,0.3,29.8,0.0
352,2,2019-05-01 00:18:14,2019-05-01 00:30:49,1,2.7,1,N,113,50,2,11.0,0.5,0.5,0.0,0.0,0.3,14.8,2.5
353,1,2019-05-01 00:54:24,2019-05-01 01:09:49,2,6.9,1,N,137,159,1,21.5,3.0,0.5,2.0,0.0,0.3,27.3,2.5
354,2,2019-05-01 00:08:02,2019-05-01 00:19:06,2,2.58,1,N,90,87,1,10.0,0.5,0.5,3.45,0.0,0.3,17.25,2.5
355,2,2019-05-01 00:22:11,2019-05-01 00:34:58,1,1.89,1,N,87,148,1,10.0,0.5,0.5,2.76,0.0,0.3,16.56,2.5
356,1,2019-05-01 00:13:23,2019-05-01 00:17:00,2,0.8,1,N,144,79,1,4.5,3.0,0.5,1.65,0.0,0.3,9.95,2.5
357,1,2019-05-01 00:20:11,2019-05-01 00:31:04,1,3.6,1,N,107,143,1,11.5,3.0,0.5,3.8,0.0,0.3,19.1,2.5
358,2,2019-05-01 00:13:36,2019-05-01 00:38:06,2,11.97,1,N,100,18,2,34.0,0.5,0.5,0.0,0.0,0.3,37.8,2.5
359,1,2019-05-01 00:50:28,2019-05-01 01:13:23,1,6.9,1,N,87,255,1,22.5,3.0,0.5,6.55,0.0,0.3,32.85,2.5
360,1,2019-05-01 00:15:27,2019-05-01 00:48:27,1,15.0,1,N,138,211,1,45.0,3.0,0.5,9.75,0.0,0.3,58.55,2.5
361,2,2019-05-01 00:08:26,2019-05-01 00:21:29,1,2.15,1,N,264,264,1,11.0,0.5,0.5,2.96,0.0,0.3,17.76,2.5
362,2,2019-05-01 00:53:08,2019-05-01 01:08:26,1,4.03,1,N,264,264,1,14.5,0.5,0.5,0.8,0.0,0.3,19.1,2.5
363,1,2019-05-01 00:59:27,2019-05-01 01:06:30,2,2.2,1,N,158,230,2,8.5,3.0,0.5,0.0,0.0,0.3,12.3,2.5
364,2,2019-05-01 00:39:53,2019-05-01 01:08:23,1,6.71,1,N,249,74,1,22.0,0.5,0.5,2.0,0.0,0.3,27.8,2.5
365,2,2019-05-01 00:00:39,2019-05-01 00:07:31,1,1.85,1,N,231,68,1,7.5,0.5,0.5,1.2,0.0,0.3,12.5,2.5
366,2,2019-05-01 00:50:22,2019-05-01 00:57:05,3,1.32,1,N,163,48,2,7.0,0.5,0.5,0.0,0.0,0.3,10.8,2.5
367,1,2019-05-01 00:25:27,2019-05-01 00:45:57,1,4.4,1,N,113,43,1,17.5,3.0,0.5,4.25,0.0,0.3,25.55,2.5
368,2,2019-05-01 00:22:58,2019-05-01 00:41:37,2,2.79,1,N,48,79,2,14.0,0.5,0.5,0.0,0.0,0.3,17.8,2.5
369,2,2019-05-01 00:40:32,2019-05-01 00:44:14,1,0.92,1,N,140,141,1,5.0,0.5,0.5,4.0,0.0,0.3,12.8,2.5
370,1,2019-05-01 00:19:16,2019-05-01 00:46:51,1,20.1,2,N,132,237,1,52.0,2.5,0.5,12.25,6.12,0.3,73.67,2.5
371,2,2019-05-01 00:46:54,2019-05-01 00:55:59,3,5.22,1,N,132,215,1,16.0,0.5,0.5,3.46,0.0,0.3,20.76,0.0
372,2,2019-05-01 00:33:10,2019-05-01 00:33:47,1,0.06,1,N,140,141,2,2.5,0.5,0.5,0.0,0.0,0.3,6.3,2.5
373,2,2019-05-01 00:11:20,2019-05-01 00:12:56,5,0.61,1,N,236,75,1,4.0,0.5,0.5,1.0,0.0,0.3,8.8,2.5
374,2,2019-05-01 00:42:26,2019-05-01 00:51:35,5,2.11,1,N,48,249,1,9.0,0.5,0.5,1.92,0.0,0.3,14.72,2.5
375,2,2019-05-01 00:04:20,2019-05-01 00:18:52,1,3.13,1,N,237,79,1,13.0,0.5,0.5,3.36,0.0,0.3,20.16,2.5
376,1,2019-05-01 00:31:49,2019-05-01 00:36:08,1,1.3,1,N,90,48,2,6.0,3.0,0.5,0.0,0.0,0.3,9.8,2.5
377,1,2019-05-01 00:54:50,2019-05-01 01:00:55,1,1.3,1,N,164,48,1,6.5,3.0,0.5,2.05,0.0,0.3,12.35,2.5
378,1,2019-05-01 00:05:46,2019-05-01 00:18:10,1,2.7,1,N,161,249,1,23.0,2.5,0.5,3.3,0.0,0.3,29.6,2.5
379,1,2019-05-01 00:27:12,2019-05-01 00:36:53,1,1.7,1,N,68,170,2,8.5,3.0,0.5,0.0,0.0,0.3,12.3,2.5
380,1,2019-05-01 00:05:42,2019-05-01 00:14:36,0,1.9,1,N,107,230,1,8.5,3.0,0.5,2.45,0.0,0.3,14.75,2.5
381,1,2019-05-01 00:02:10,2019-05-01 00:10:55,1,1.3,1,N,79,137,1,8.0,3.0,0.5,1.18,0.0,0.3,12.98,2.5
382,1,2019-05-01 00:42:54,2019-05-01 00:55:25,1,1.9,1,N,158,144,1,10.0,3.0,0.5,0.0,0.0,0.3,13.8,2.5
383,2,2019-05-01 00:18:32,2019-05-01 00:29:56,6,2.12,1,N,164,142,1,10.0,0.5,0.5,2.76,0.0,0.3,16.56,2.5
384,2,2019-05-01 00:48:00,2019-05-01 00:53:32,6,0.86,1,N,113,107,1,5.5,0.5,0.5,1.86,0.0,0.3,11.16,2.5
385,1,2019-05-01 00:19:33,2019-05-01 00:37:32,2,4.3,1,N,211,237,1,16.0,3.0,0.5,3.0,0.0,0.3,22.8,2.5
386,2,2019-05-01 00:03:14,2019-05-01 00:14:27,1,2.26,1,N,113,232,2,10.0,0.5,0.5,0.0,0.0,0.3,13.8,2.5
387,2,2019-05-01 00:40:44,2019-05-01 01:00:37,2,7.17,1,N,231,151,1,23.0,0.5,0.5,5.36,0.0,0.3,32.16,2.5
388,2,2019-05-01 00:09:46,2019-05-01 00:15:55,2,1.16,1,N,50,68,2,6.5,0.5,0.5,0.0,0.0,0.3,10.3,2.5
389,2,2019-05-01 00:42:36,2019-05-01 01:06:26,2,4.61,1,N,230,260,2,18.5,0.5,0.5,0.0,0.0,0.3,22.3,2.5
390,1,2019-05-01 00:04:33,2019-05-01 00:10:56,3,1.4,1,N,249,246,2,6.5,3.0,0.5,0.0,0.0,0.3,10.3,2.5
391,1,2019-05-01 00:33:40,2019-05-01 00:40:42,1,1.7,1,N,164,229,2,7.5,3.0,0.5,0.0,0.0,0.3,11.3,2.5
392,2,2019-05-01 00:15:26,2019-05-01 00:20:27,4,1.15,1,N,48,163,1,6.0,0.5,0.5,1.0,0.0,0.3,10.8,2.5
393,2,2019-05-01 00:23:05,2019-05-01 00:58:05,4,10.44,1,N,163,181,1,33.0,0.5,0.5,7.36,0.0,0.3,44.16,2.5
394,1,2019-05-01 00:09:16,2019-05-01 00:34:11,1,16.6,2,N,132,170,1,52.0,2.5,0.5,12.25,6.12,0.3,73.67,2.5
395,1,2019-05-01 00:17:47,2019-05-01 00:22:40,2,0.7,1,N,164,48,2,5.5,3.0,0.5,0.0,0.0,0.3,9.3,2.5
396,1,2019-05-01 00:30:49,2019-05-01 00:50:22,2,8.0,1,N,164,147,3,24.0,3.0,0.5,0.0,0.0,0.3,27.8,2.5
397,1,2019-05-01 00:24:58,2019-05-01 00:31:26,1,1.3,1,N,162,48,1,6.5,3.0,0.5,3.0,0.0,0.3,13.3,2.5
398,1,2019-05-01 00:35:05,2019-05-01 00:39:04,1,0.2,5,N,100,48,1,80.0,0.0,0.0,0.0,0.0,0.3,80.3,0.0
399,1,2019-05-01 00:04:14,2019-05-01 00:07:31,1,1.1,1,N,107,170,1,5.0,3.0,0.5,1.75,0.0,0.3,10.55,2.5
400,1,2019-05-01 00:28:41,2019-05-01 00:39:35,1,2.7,1,N,144,233,1,11.0,3.0,0.5,2.95,0.0,0.3,17.75,2.5
401,2,2019-05-01 00:41:53,2019-05-01 00:59:03,4,3.78,1,N,48,114,1,14.5,0.5,0.5,5.49,0.0,0.3,23.79,2.5
402,2,2019-05-01 00:04:21,2019-05-01 00:08:33,1,1.75,1,N,229,107,1,6.5,0.5,0.5,1.85,0.0,0.3,12.15,2.5
403,1,2019-05-01 00:22:01,2019-05-01 00:47:46,1,17.1,2,N,132,170,1,52.0,2.5,0.5,15.35,6.12,0.3,76.77,2.5
404,2,2019-05-01 00:50:23,2019-05-01 00:58:51,1,1.6,1,N,170,48,1,8.0,0.5,0.5,1.77,0.0,0.3,13.57,2.5
405,2,2019-05-01 00:02:14,2019-05-01 00:12:20,6,2.67,1,N,162,79,1,10.0,0.5,0.5,2.76,0.0,0.3,16.56,2.5
406,2,2019-05-01 00:16:06,2019-05-01 00:42:58,6,7.99,1,N,148,151,1,27.0,0.5,0.5,6.16,0.0,0.3,36.96,2.5
407,2,2019-05-01 00:18:50,2019-05-01 00:28:40,1,1.75,1,N,170,48,1,9.0,0.5,0.5,2.56,0.0,0.3,15.36,2.5
408,2,2019-05-01 00:31:34,2019-05-01 00:53:23,1,3.64,1,N,48,193,2,15.5,0.5,0.5,0.0,0.0,0.3,19.3,2.5
409,1,2019-05-01 00:10:32,2019-05-01 00:46:33,1,20.7,1,N,138,91,2,57.0,0.5,0.5,0.0,0.0,0.3,58.3,0.0
410,1,2019-05-01 00:25:51,2019-05-01 00:42:37,2,3.3,1,N,231,100,1,14.0,3.0,0.5,3.55,0.0,0.3,21.35,2.5
411,1,2019-05-01 00:54:01,2019-05-01 01:02:08,1,1.1,1,N,48,100,1,7.0,3.0,0.5,2.15,0.0,0.3,12.95,2.5
412,2,2019-05-01 00:10:51,2019-05-01 00:42:58,2,17.64,1,N,132,250,1,49.0,0.5,0.5,10.0,6.12,0.3,66.42,0.0
413,2,2019-05-01 00:30:42,2019-05-01 00:34:38,1,0.89,1,N,233,170,2,5.0,0.5,0.5,0.0,0.0,0.3,8.8,2.5
414,2,2019-05-01 00:29:16,2019-05-01 00:31:23,1,0.54,1,N,90,90,1,3.5,0.5,0.5,2.0,0.0,0.3,9.3,2.5
415,1,2019-05-01 00:11:48,2019-05-01 00:21:06,1,1.7,1,N,229,186,1,8.5,3.0,0.5,2.45,0.0,0.3,14.75,2.5
416,2,2019-05-01 00:08:47,2019-05-01 00:17:38,3,2.1,1,N,230,90,1,8.5,0.5,0.5,2.46,0.0,0.3,14.76,2.5
417,1,2019-05-01 00:27:50,2019-05-01 00:54:57,1,18.4,2,N,132,236,1,52.0,2.5,0.5,12.0,6.12,0.3,73.42,2.5
418,2,2019-05-01 00:33:40,2019-05-01 00:39:03,1,1.08,1,N,229,170,1,6.0,0.5,0.5,1.96,0.0,0.3,11.76,2.5
419,2,2019-05-01 00:07:52,2019-05-01 00:15:18,1,1.88,1,N,50,246,1,8.0,0.5,0.5,2.36,0.0,0.3,14.16,2.5
420,1,2019-05-01 00:03:35,2019-05-01 00:12:37,1,2.1,1,N,140,236,1,9.0,3.0,0.5,2.55,0.0,0.3,15.35,2.5
421,1,2019-05-01 00:56:47,2019-05-01 01:15:57,2,4.7,1,N,79,37,1,17.5,3.0,0.5,2.0,0.0,0.3,23.3,2.5
422,2,2019-05-01 00:10:12,2019-05-01 00:13:18,2,0.8,1,N,113,107,2,4.5,0.5,0.5,0.0,0.0,0.3,8.3,2.5
423,2,2019-05-01 00:18:47,2019-05-01 00:30:31,1,2.1,1,N,137,230,2,10.0,0.5,0.5,0.0,0.0,0.3,13.8,2.5
424,2,2019-05-01 00:53:04,2019-05-01 01:20:49,1,12.01,1,N,100,18,2,35.5,0.5,0.5,0.0,0.0,0.3,39.3,2.5
425,1,2019-05-01 00:19:00,2019-05-01 00:34:37,2,2.7,1,N,170,45,2,12.5,3.0,0.5,0.0,0.0,0.3,16.3,2.5
426,1,2019-05-01 00:42:46,2019-05-01 00:47:29,1,0.8,1,N,148,232,1,5.5,3.0,0.5,1.85,0.0,0.3,11.15,2.5
427,1,2019-05-01 00:13:23,2019-05-01 00:51:30,1,14.0,1,N,137,91,2,42.5,3.0,0.5,0.0,0.0,0.3,46.3,2.5
428,2,2019-05-01 00:09:57,2019-05-01 00:31:20,6,14.55,1,N,132,226,1,40.0,0.5,0.5,6.0,0.0,0.3,47.3,0.0
429,2,2019-05-01 00:06:15,2019-05-01 00:15:40,2,1.27,1,N,249,79,1,7.5,0.5,0.5,2.82,0.0,0.3,14.12,2.5
430,2,2019-05-01 00:23:36,2019-05-01 00:30:23,2,1.87,1,N,114,13,1,8.0,0.5,0.5,1.0,0.0,0.3,12.8,2.5
431,2,2019-05-01 00:35:29,2019-05-01 00:51:13,2,5.17,1,N,13,79,1,17.5,0.5,0.5,4.26,0.0,0.3,25.56,2.5
432,1,2019-05-01 00:30:51,2019-05-01 00:48:52,1,3.1,1,N,161,145,1,12.5,3.0,0.5,3.25,0.0,0.3,19.55,2.5
433,1,2019-05-01 00:19:24,2019-05-01 00:35:27,5,5.4,1,N,132,216,1,18.0,0.5,0.5,5.0,0.0,0.3,24.3,0.0
434,2,2019-05-01 00:18:33,2019-05-01 00:21:23,1,0.0,5,N,225,264,1,31.8,0.0,0.0,6.42,0.0,0.3,38.52,0.0
435,2,2019-05-01 00:56:31,2019-05-01 01:15:47,2,7.27,1,N,90,42,1,23.0,0.5,0.5,3.0,0.0,0.3,29.8,2.5
436,2,2019-05-01 00:11:05,2019-05-01 00:20:41,1,1.63,1,N,229,48,1,8.5,0.5,0.5,2.46,0.0,0.3,14.76,2.5
437,2,2019-05-01 00:37:24,2019-05-01 01:05:36,1,5.48,1,N,114,188,1,22.5,0.5,0.5,6.58,0.0,0.3,32.88,2.5
438,1,2019-05-01 00:03:13,2019-05-01 00:15:18,1,2.5,1,N,170,142,1,11.0,3.0,0.5,2.95,0.0,0.3,17.75,2.5
439,1,2019-05-01 00:46:34,2019-05-01 01:06:51,1,5.5,1,N,158,112,2,19.0,3.0,0.5,0.0,0.0,0.3,22.8,2.5
440,2,2019-05-01 00:10:57,2019-05-01 00:40:58,1,21.21,1,N,132,65,1,56.5,0.5,0.5,11.56,0.0,0.3,69.36,0.0
441,2,2019-05-01 00:06:13,2019-05-01 00:12:43,1,2.3,1,N,90,48,1,8.5,0.5,0.5,2.46,0.0,0.3,14.76,2.5
442,2,2019-05-01 00:15:17,2019-05-01 00:24:47,1,2.47,1,N,48,141,1,9.5,0.5,0.5,2.7,0.0,0.3,16.0,2.5
443,2,2019-05-01 00:03:41,2019-05-01 00:34:10,1,5.23,1,N,249,145,1,22.0,0.5,0.5,5.16,0.0,0.3,30.96,2.5
444,2,2019-05-01 00:47:10,2019-05-01 00:49:22,1,0.55,1,N,236,236,1,4.0,0.5,0.5,1.56,0.0,0.3,9.36,2.5
445,1,2019-05-01 00:08:20,2019-05-01 00:38:36,2,6.1,1,N,114,202,1,23.0,3.0,0.5,0.0,0.0,0.3,26.8,2.5
446,2,2019-05-01 00:15:54,2019-05-01 00:34:42,2,11.78,1,N,132,92,2,33.0,0.5,0.5,0.0,0.0,0.3,34.3,0.0
447,2,2019-04-30 23:58:20,2019-05-01 00:16:16,1,3.92,1,N,230,166,1,16.0,0.5,0.5,3.96,0.0,0.3,23.76,2.5
448,2,2019-05-01 00:22:18,2019-05-01 00:24:24,1,0.14,1,N,24,151,2,3.5,0.5,0.5,0.0,0.0,0.3,4.8,0.0
449,2,2019-05-01 00:26:07,2019-05-01 00:30:39,1,0.9,1,N,151,238,1,5.5,0.5,0.5,1.0,0.0,0.3,10.3,2.5
450,1,2019-05-01 00:20:27,2019-05-01 00:41:06,0,3.9,1,N,231,25,1,16.0,3.0,0.5,2.0,0.0,0.3,21.8,2.5
451,2,2019-05-01 00:09:56,2019-05-01 00:20:18,3,2.71,1,N,209,90,2,10.0,0.5,0.5,0.0,0.0,0.3,13.8,2.5
452,2,2019-05-01 00:47:03,2019-05-01 00:55:39,3,1.47,1,N,79,249,1,8.0,0.5,0.5,2.36,0.0,0.3,14.16,2.5
453,1,2019-05-01 00:08:16,2019-05-01 00:14:32,1,1.3,1,N,170,229,1,6.5,3.0,0.5,1.55,0.0,0.3,11.85,2.5
454,1,2019-05-01 00:47:03,2019-05-01 00:54:21,1,2.2,1,N,249,13,1,8.5,3.0,0.5,2.46,0.0,0.3,14.76,2.5
455,2,2019-05-01 00:06:08,2019-05-01 00:16:38,1,3.53,1,N,48,75,2,12.0,0.5,0.5,0.0,0.0,0.3,15.8,2.5
456,2,2019-05-01 00:41:22,2019-05-01 00:52:11,1,1.91,1,N,142,229,2,9.5,0.5,0.5,0.0,0.0,0.3,13.3,2.5
457,2,2019-05-01 00:03:16,2019-05-01 00:14:11,4,3.4,1,N,161,75,2,11.5,0.5,0.5,0.0,0.0,0.3,15.3,2.5
458,2,2019-05-01 00:23:22,2019-05-01 00:24:21,1,0.33,1,N,50,142,2,3.0,0.5,0.5,0.0,0.0,0.3,6.8,2.5
459,1,2019-05-01 00:00:27,2019-05-01 00:09:17,1,0.9,1,N,233,141,3,7.5,3.0,0.5,0.0,0.0,0.3,11.3,2.5
460,1,2019-05-01 00:51:35,2019-05-01 01:00:16,1,2.4,1,N,162,79,1,9.5,3.0,0.5,1.33,0.0,0.3,14.63,2.5
461,2,2019-05-01 00:06:50,2019-05-01 00:15:08,1,2.04,1,N,142,161,1,8.5,0.5,0.5,1.0,0.0,0.3,13.3,2.5
462,2,2019-05-01 00:15:55,2019-05-01 00:26:15,1,2.63,1,N,161,143,1,10.0,0.5,0.5,2.76,0.0,0.3,16.56,2.5
463,2,2019-05-01 00:10:59,2019-05-01 00:28:45,1,3.31,1,N,161,158,1,14.0,0.5,0.5,3.2,0.0,0.3,21.0,2.5
464,2,2019-05-01 00:00:23,2019-05-01 00:12:15,1,2.36,1,N,170,79,1,10.5,0.5,0.5,2.86,0.0,0.3,17.16,2.5
465,2,2019-05-01 00:14:19,2019-05-01 00:26:09,1,4.45,1,N,79,263,1,14.5,0.5,0.5,4.58,0.0,0.3,22.88,2.5
466,2,2019-05-01 00:36:44,2019-05-01 00:55:24,1,6.84,1,N,162,33,1,22.0,0.5,0.5,6.45,0.0,0.3,32.25,2.5
467,2,2019-05-01 00:14:36,2019-05-01 00:42:10,1,20.08,2,N,132,140,1,52.0,0.0,0.5,12.28,6.12,0.3,73.7,2.5
468,2,2019-05-01 00:43:51,2019-05-01 00:48:14,1,1.01,1,N,140,236,1,5.5,0.5,0.5,1.86,0.0,0.3,11.16,2.5
469,1,2019-05-01 00:10:03,2019-05-01 00:13:35,1,0.8,1,N,229,140,2,5.0,3.0,0.5,0.0,0.0,0.3,8.8,2.5
470,1,2019-05-01 00:24:37,2019-05-01 00:27:27,1,0.7,1,N,233,137,2,4.5,3.0,0.5,0.0,0.0,0.3,8.3,2.5
471,1,2019-05-01 00:09:00,2019-05-01 00:19:05,1,2.5,1,N,161,263,1,10.0,3.0,0.5,3.45,0.0,0.3,17.25,2.5
472,1,2019-05-01 00:24:11,2019-05-01 00:35:51,1,6.2,1,N,141,244,1,18.5,3.0,0.5,4.45,0.0,0.3,26.75,2.5
473,2,2019-05-01 00:22:30,2019-05-01 00:27:11,2,0.47,1,N,161,163,1,5.0,0.5,0.5,1.76,0.0,0.3,10.56,2.5
474,1,2019-05-01 00:04:29,2019-05-01 00:28:32,1,4.4,1,N,148,181,1,18.5,3.0,0.5,4.45,0.0,0.3,26.75,2.5
475,2,2019-04-30 23:56:41,2019-04-30 23:59:11,1,0.55,1,N,151,166,1,4.0,0.5,0.5,1.06,0.0,0.3,6.36,0.0
476,1,2019-05-01 00:09:51,2019-05-01 00:19:59,2,2.0,1,N,79,231,2,9.0,3.0,0.5,0.0,0.0,0.3,12.8,2.5
477,2,2019-05-01 00:06:58,2019-05-01 00:13:26,2,1.38,1,N,162,236,1,7.0,0.5,0.5,1.08,0.0,0.3,11.88,2.5
478,1,2019-05-01 00:32:51,2019-05-01 00:47:20,2,4.6,1,N,48,75,1,15.5,3.0,0.5,2.0,0.0,0.3,21.3,2.5
479,1,2019-05-01 00:52:55,2019-05-01 01:03:20,1,4.3,1,N,75,69,2,14.5,0.5,0.5,0.0,0.0,0.3,15.8,0.0
480,2,2019-05-01 00:45:31,2019-05-01 00:45:32,1,0.0,5,N,41,264,1,60.0,0.0,0.0,0.0,0.0,0.3,60.3,0.0
481,2,2019-05-01 00:39:13,2019-05-01 00:47:04,2,1.81,1,N,162,79,1,8.0,0.5,0.5,2.36,0.0,0.3,14.16,2.5
482,2,2019-05-01 00:07:48,2019-05-01 00:41:13,1,5.94,1,N,234,61,1,25.0,0.5,0.5,7.2,0.0,0.3,36.0,2.5
483,1,2019-05-01 00:22:33,2019-05-01 00:46:43,1,4.4,1,N,237,223,1,18.5,3.0,0.5,3.0,0.0,0.3,25.3,2.5
484,1,2019-05-01 00:26:45,2019-05-01 00:32:08,1,0.9,1,N,113,158,1,5.5,3.0,0.5,1.86,0.0,0.3,11.16,2.5
485,2,2019-05-01 00:12:14,2019-05-01 00:35:44,3,5.73,1,N,238,144,2,21.0,0.5,0.5,0.0,0.0,0.3,24.8,2.5
486,2,2019-05-01 00:22:10,2019-05-01 00:57:39,1,18.62,2,N,132,230,1,52.0,0.0,0.5,15.36,6.12,0.3,76.78,2.5
487,1,2019-05-01 00:00:16,2019-05-01 00:21:01,1,4.0,1,N,230,148,2,16.5,3.0,0.5,0.0,0.0,0.3,20.3,2.5
488,1,2019-05-01 00:25:16,2019-05-01 00:32:26,1,2.1,1,N,148,256,1,8.5,3.0,0.5,1.0,0.0,0.3,13.3,2.5
489,1,2019-05-01 00:47:25,2019-05-01 00:50:32,1,0.7,1,N,45,87,1,4.5,3.0,0.5,2.05,0.0,0.3,10.35,2.5
490,1,2019-05-01 00:52:20,2019-05-01 01:00:15,1,3.9,1,N,87,107,1,12.5,3.0,0.5,3.5,0.0,0.3,19.8,2.5
491,2,2019-05-01 00:29:09,2019-05-01 00:30:28,1,0.61,1,N,263,263,1,4.0,0.5,0.5,1.0,0.0,0.3,8.8,2.5
492,1,2019-05-01 00:20:58,2019-05-01 00:46:29,1,8.7,1,N,263,256,1,28.5,3.0,0.5,6.45,0.0,0.3,38.75,2.5
493,1,2019-05-01 00:55:42,2019-05-01 01:12:06,1,5.9,1,N,186,157,1,19.0,3.0,0.5,0.0,6.12,0.3,28.92,2.5
494,1,2019-05-01 00:11:02,2019-05-01 00:39:41,1,12.9,1,N,138,261,1,37.5,3.0,0.5,9.45,6.12,0.3,56.87,2.5
495,1,2019-05-01 00:54:35,2019-05-01 01:03:25,1,1.9,1,N,125,209,1,8.5,3.0,0.5,2.45,0.0,0.3,14.75,2.5
496,2,2019-05-01 00:16:29,2019-05-01 00:42:42,1,17.2,2,N,132,162,1,52.0,0.0,0.5,12.28,6.12,0.3,73.7,2.5
497,1,2019-05-01 00:12:26,2019-05-01 00:31:51,1,5.5,1,N,238,69,2,18.5,3.0,0.5,0.0,0.0,0.3,22.3,2.5
498,2,2019-05-01 00:28:26,2019-05-01 00:35:52,1,2.41,1,N,79,233,1,9.0,0.5,0.5,1.0,0.0,0.3,13.8,2.5
499,2,2019-05-01 00:51:12,2019-05-01 01:03:11,1,3.75,1,N,230,13,1,12.5,0.5,0.5,1.0,0.0,0.3,17.3,2.5
