VendorID,tpep_pickup_datetime,tpep_dropoff_datetime,passenger_count,trip_distance,PULocationID,DOLocationID,fare_amount,total_amount,trip_duration,average_speed,short_trip_flag,pickup_hour,pickup_day_of_week,is_weekend,tip_percentage,trip_distance_category
1,2019-05-01 00:14:50,2019-05-01 00:16:48,1,0.0,145,145,3.0,4.3,1.9666666666666666,0.0,1,0,2,0,43.33333333333333,short
1,2019-05-01 00:35:54,2019-05-01 00:37:27,1,1.5,145,145,3.0,4.3,1.55,58.064516129032256,0,0,2,0,43.33333333333333,medium
1,2019-05-01 00:37:45,2019-05-01 00:37:49,1,1.5,145,145,2.5,3.8,0.06666666666666667,1350.0,0,0,2,0,51.99999999999999,medium
1,2019-05-01 00:44:57,2019-05-01 00:50:11,1,0.7,161,161,5.0,8.8,5.233333333333333,8.025477707006369,1,0,2,0,76.00000000000001,short
1,2019-05-01 00:59:48,2019-05-01 01:10:22,1,2.0,163,141,9.5,15.3,10.566666666666666,11.35646687697161,0,0,2,0,61.052631578947384,medium
2,2019-05-01 00:48:04,2019-05-01 00:49:00,1,0.0,193,193,2.5,3.8,0.9333333333333333,0.0,1,0,2,0,51.99999999999999,short
2,2019-05-01 00:05:26,2019-05-01 00:05:34,1,0.0,193,193,2.5,3.8,0.13333333333333333,0.0,1,0,2,0,51.99999999999999,short
1,2019-05-01 00:23:20,2019-05-01 00:32:57,1,2.5,260,56,10.0,11.3,9.616666666666667,15.597920277296359,0,0,2,0,13.000000000000005,medium
1,2019-05-01 00:35:54,2019-05-01 00:47:49,1,2.8,56,226,11.5,12.8,11.916666666666666,14.097902097902098,0,0,2,0,11.304347826086962,medium
1,2019-05-01 00:20:12,2019-05-01 00:26:52,1,2.0,79,164,8.0,14.15,6.666666666666667,18.0,0,0,2,0,76.875,medium
1,2019-05-01 00:34:34,2019-05-01 00:48:27,1,3.7,90,238,13.5,20.75,13.883333333333333,15.990396158463385,0,0,2,0,53.70370370370371,medium
2,2019-04-30 20:55:04,2019-04-30 21:15:19,1,2.09,162,230,13.0,16.8,20.25,6.192592592592592,0,20,1,0,29.230769230769237,medium
1,2019-05-01 00:07:15,2019-05-01 00:19:41,1,2.5,50,170,11.0,17.75,12.433333333333334,12.064343163538874,0,0,2,0,61.36363636363637,medium
1,2019-05-01 00:16:48,2019-05-01 00:27:37,1,2.5,230,141,10.0,16.55,10.816666666666666,13.86748844375963,0,0,2,0,65.5,medium
1,2019-05-01 00:42:15,2019-05-01 00:47:48,1,1.7,162,107,7.0,12.96,5.55,18.37837837837838,0,0,2,0,85.14285714285715,medium
2,2019-05-01 00:14:25,2019-05-01 00:23:22,1,1.28,116,42,8.0,11.3,8.95,8.58100558659218,0,0,2,0,41.25000000000001,medium
2,2019-05-01 00:51:50,2019-05-01 00:57:35,1,1.49,238,166,7.0,9.96,5.75,15.54782608695652,0,0,2,0,42.2857142857143,medium
1,2019-05-01 00:05:30,2019-05-01 00:21:08,1,4.7,249,43,16.5,24.35,15.633333333333333,18.038379530916846,0,0,2,0,47.575757575757585,medium
1,2019-05-01 00:40:34,2019-05-01 00:48:08,1,2.0,142,236,8.5,13.8,7.566666666666666,15.859030837004404,0,0,2,0,62.3529411764706,medium
1,2019-05-01 00:01:12,2019-05-01 00:28:54,2,11.5,138,190,34.0,42.36,27.7,24.90974729241877,0,0,2,0,24.588235294117645,long
1,2019-05-01 00:41:43,2019-05-01 00:48:40,2,1.3,181,49,7.0,10.35,6.95,11.223021582733814,0,0,2,0,47.857142857142854,medium
2,2019-05-01 00:18:04,2019-05-01 00:23:26,1,1.05,238,24,6.0,8.76,5.366666666666666,11.73913043478261,0,0,2,0,46.0,medium
2,2019-05-01 00:12:27,2019-05-01 00:56:50,1,18.83,132,48,52.0,66.36,44.38333333333333,25.45550131430717,0,0,2,0,27.615384615384613,long
2,2019-05-01 00:17:54,2019-05-01 22:54:26,2,18.18,132,230,52.0,61.42,1356.5333333333333,0.8041085118930608,0,0,2,0,18.11538461538462,long
1,2019-05-01 00:28:27,2019-05-01 00:34:23,1,1.5,162,137,6.5,12.35,5.933333333333334,15.168539325842698,0,0,2,0,89.99999999999999,medium
1,2019-05-01 00:02:25,2019-05-01 00:18:42,0,7.9,138,233,24.0,39.01,16.283333333333335,29.10951893551689,0,0,2,0,62.541666666666664,long
1,2019-05-01 00:45:49,2019-05-01 01:03:42,0,3.5,164,239,13.0,18.8,17.883333333333333,11.742777260018638,0,0,2,0,44.61538461538462,medium
2,2019-05-01 00:06:52,2019-05-01 00:12:43,2,1.23,231,87,6.0,11.76,5.85,12.615384615384617,0,0,2,0,96.0,medium
2,2019-05-01 00:41:03,2019-05-01 00:47:07,1,1.13,231,209,6.0,11.76,6.066666666666666,11.175824175824175,0,0,2,0,96.0,medium
1,2019-05-01 00:03:07,2019-05-01 00:34:00,1,12.2,138,40,37.5,46.55,30.883333333333333,23.702104695089044,0,0,2,0,24.133333333333326,long
2,2019-05-01 00:26:01,2019-05-01 00:30:45,1,1.12,68,90,5.5,11.16,4.733333333333333,14.197183098591552,0,0,2,0,102.9090909090909,medium
2,2019-05-01 00:09:09,2019-05-01 00:38:40,1,21.03,132,261,52.0,66.36,29.516666666666666,42.748729531338235,0,0,2,0,27.615384615384613,long
2,2019-05-01 00:53:17,2019-05-01 01:05:08,1,4.56,232,25,15.5,19.3,11.85,23.088607594936708,0,0,2,0,24.516129032258068,medium
2,2019-05-01 00:19:27,2019-05-01 00:56:11,1,4.29,48,226,24.0,31.8,36.733333333333334,7.007259528130672,0,0,2,0,32.5,medium
1,2019-05-01 00:17:13,2019-05-01 00:28:42,1,5.4,239,244,17.0,21.8,11.483333333333333,28.21480406386067,0,0,2,0,28.235294117647065,long
1,2019-05-01 00:30:06,2019-05-01 00:49:07,1,3.8,244,18,16.0,18.3,19.016666666666666,11.98948290972831,0,0,2,0,14.375000000000004,medium
1,2019-05-01 00:44:30,2019-05-01 01:01:18,1,4.0,125,189,15.0,22.55,16.8,14.285714285714285,0,0,2,0,50.33333333333334,medium
1,2019-05-01 00:18:33,2019-05-01 00:26:51,1,1.2,230,186,7.0,12.95,8.3,8.674698795180722,0,0,2,0,84.99999999999999,medium
1,2019-05-01 00:51:01,2019-05-01 01:09:28,1,4.2,234,238,16.0,19.8,18.45,13.658536585365855,0,0,2,0,23.750000000000004,medium
1,2019-05-01 00:10:27,2019-05-01 00:14:41,1,1.4,90,125,6.0,9.8,4.233333333333333,19.84251968503937,0,0,2,0,63.33333333333334,medium
1,2019-05-01 00:31:05,2019-05-01 00:53:44,1,14.9,132,7,40.5,52.2,22.65,39.47019867549669,0,0,2,0,28.888888888888896,long
1,2019-05-01 00:05:37,2019-05-01 00:13:04,5,2.5,142,68,9.0,14.15,7.45,20.13422818791946,0,0,2,0,57.22222222222223,medium
1,2019-05-01 00:37:12,2019-05-01 00:54:21,0,4.6,114,239,16.5,23.75,17.15,16.0932944606414,0,0,2,0,43.93939393939394,medium
2,2019-05-01 00:05:06,2019-05-01 00:17:54,1,2.28,137,50,10.5,14.3,12.8,10.687499999999998,0,0,2,0,36.1904761904762,medium
1,2019-05-01 00:03:34,2019-05-01 00:14:54,1,2.7,161,79,10.5,17.15,11.333333333333334,14.294117647058822,0,0,2,0,63.33333333333332,medium
1,2019-05-01 00:14:16,2019-05-01 01:12:57,1,21.1,138,29,66.0,67.3,58.68333333333333,21.573416642999153,0,0,2,0,1.9696969696969653,long
1,2019-05-01 00:57:53,2019-05-01 01:10:06,1,2.7,231,79,11.0,17.76,12.216666666666667,13.260572987721693,0,0,2,0,61.454545454545475,medium
2,2019-05-01 00:12:38,2019-05-01 00:31:41,1,3.65,249,33,15.5,25.09,19.05,11.496062992125983,0,0,2,0,61.87096774193548,medium
2,2019-05-01 00:44:25,2019-05-01 01:08:02,1,6.04,125,61,21.5,30.36,23.616666666666667,15.345095271700776,0,0,2,0,41.20930232558139,long
2,2019-05-01 00:14:44,2019-05-01 00:20:13,1,0.94,151,75,6.0,7.3,5.483333333333333,10.285714285714285,1,0,2,0,21.666666666666664,short
1,2019-05-01 00:02:14,2019-05-01 00:36:46,1,12.0,231,223,33.0,44.15,34.53333333333333,20.849420849420852,0,0,2,0,33.78787878787878,long
2,2019-05-01 00:23:22,2019-05-01 00:30:05,2,0.68,262,236,6.0,9.8,6.716666666666667,6.074441687344914,1,0,2,0,63.33333333333334,short
1,2019-05-01 00:00:27,2019-05-01 00:05:00,1,1.3,239,48,6.0,11.75,4.55,17.142857142857142,0,0,2,0,95.83333333333334,medium
1,2019-05-01 00:09:13,2019-05-01 00:15:16,2,1.5,50,229,7.0,12.8,6.05,14.87603305785124,0,0,2,0,82.85714285714286,medium
1,2019-05-01 00:21:11,2019-05-01 00:26:33,1,2.3,163,239,8.5,14.75,5.366666666666666,25.714285714285715,0,0,2,0,73.52941176470588,medium
1,2019-05-01 00:26:45,2019-05-01 00:35:47,1,1.8,230,141,8.5,14.76,9.033333333333333,11.955719557195572,0,0,2,0,73.6470588235294,medium
1,2019-05-01 00:42:12,2019-05-01 00:53:21,1,2.4,163,263,10.5,17.15,11.15,12.914798206278025,0,0,2,0,63.33333333333332,medium
2,2019-05-01 00:04:20,2019-05-01 00:10:31,2,1.41,237,233,6.5,12.36,6.183333333333334,13.681940700808624,0,0,2,0,90.15384615384615,medium
2,2019-05-01 00:15:24,2019-05-01 00:22:50,2,2.85,233,236,9.5,15.96,7.433333333333334,23.004484304932735,0,0,2,0,68.0,medium
2,2019-05-01 00:40:51,2019-05-01 00:51:04,2,2.34,162,142,9.5,15.96,10.216666666666667,13.742251223491026,0,0,2,0,68.0,medium
2,2019-05-01 00:00:46,2019-05-01 00:13:56,1,3.47,239,116,13.0,21.0,13.166666666666666,15.812658227848102,0,0,2,0,61.53846153846154,medium
2,2019-05-01 00:00:22,2019-05-01 00:20:05,2,9.83,137,135,28.0,45.5,19.716666666666665,29.91377852916315,0,0,2,0,62.5,long
1,2019-05-01 00:22:23,2019-05-01 00:26:12,1,0.7,142,48,4.5,8.3,3.816666666666667,11.004366812227072,1,0,2,0,84.44444444444446,short
1,2019-05-01 00:55:07,2019-05-01 01:17:16,1,7.1,148,41,23.5,32.75,22.15,19.232505643340858,0,0,2,0,39.361702127659576,long
2,2019-05-01 00:07:22,2019-05-01 00:22:14,1,3.39,79,80,14.0,21.36,14.866666666666667,13.681614349775785,0,0,2,0,52.57142857142857,medium
2,2019-05-01 00:09:44,2019-05-01 00:16:40,1,1.33,144,261,6.5,10.3,6.933333333333334,11.509615384615385,0,0,2,0,58.461538461538474,medium
1,2019-05-01 00:12:34,2019-05-01 00:22:01,1,2.2,50,90,9.5,13.3,9.45,13.96825396825397,0,0,2,0,40.00000000000001,medium
2,2019-05-01 00:01:27,2019-05-01 00:10:17,1,1.62,161,143,8.5,14.76,8.833333333333334,11.00377358490566,0,0,2,0,73.6470588235294,medium
2,2019-05-01 00:54:53,2019-05-01 01:03:37,5,1.93,238,166,9.0,12.8,8.733333333333333,13.259541984732824,0,0,2,0,42.22222222222223,medium
1,2019-05-01 00:30:23,2019-05-01 00:42:26,4,2.4,234,230,10.5,17.15,12.05,11.950207468879668,0,0,2,0,63.33333333333332,medium
1,2019-05-01 00:05:03,2019-05-01 00:17:40,1,1.9,107,232,10.0,15.87,12.616666666666667,9.03566710700132,0,0,2,0,58.699999999999996,medium
1,2019-05-01 00:37:16,2019-05-01 00:47:29,1,3.0,234,261,11.0,16.8,10.216666666666667,17.61827079934747,0,0,2,0,52.727272727272734,medium
1,2019-05-01 00:22:47,2019-05-01 00:53:49,1,6.8,249,166,24.5,33.95,31.033333333333335,13.147153598281417,0,0,2,0,38.571428571428584,long
1,2019-05-01 00:31:42,2019-05-01 00:49:30,1,3.6,79,163,15.0,18.8,17.8,12.134831460674157,0,0,2,0,25.333333333333336,medium
1,2019-05-01 00:03:29,2019-05-01 00:12:34,2,1.9,238,43,9.0,14.72,9.083333333333334,12.550458715596328,0,0,2,0,63.555555555555564,medium
1,2019-05-01 00:01:48,2019-05-01 00:42:56,3,22.5,132,48,52.0,66.42,41.13333333333333,32.82009724473257,0,0,2,0,27.730769230769237,long
1,2019-05-01 00:45:32,2019-05-01 01:00:05,2,2.5,48,90,12.0,17.8,14.55,10.309278350515463,0,0,2,0,48.33333333333334,medium
2,2019-05-01 00:47:33,2019-05-01 01:10:06,2,4.06,62,17,17.0,23.91,22.55,10.802660753880264,0,0,2,0,40.64705882352941,medium
2,2019-05-01 00:58:18,2019-05-01 01:11:20,1,4.0,143,116,13.0,16.8,13.033333333333333,18.414322250639387,0,0,2,0,29.230769230769237,medium
1,2019-05-01 00:42:51,2019-05-01 01:06:22,1,5.3,79,238,20.0,23.8,23.516666666666666,13.522324592487598,0,0,2,0,19.000000000000004,long
2,2019-05-01 00:03:42,2019-05-01 00:40:20,3,8.33,142,65,30.5,42.88,36.63333333333333,13.643312101910828,0,0,2,0,40.590163934426236,long
2,2019-05-01 00:10:05,2019-05-01 00:18:30,1,2.21,162,113,9.0,15.36,8.416666666666666,15.754455445544554,0,0,2,0,70.66666666666666,medium
2,2019-05-01 00:27:29,2019-05-01 00:33:26,1,1.79,249,100,7.5,14.12,5.95,18.050420168067227,0,0,2,0,88.26666666666667,medium
2,2019-05-01 00:34:41,2019-05-01 00:37:26,1,0.56,100,186,4.0,7.8,2.75,12.21818181818182,1,0,2,0,95.0,short
2,2019-05-01 00:52:00,2019-05-01 01:20:15,1,5.38,249,37,22.5,26.3,28.25,11.426548672566371,0,0,2,0,16.888888888888893,long
2,2019-05-01 00:01:41,2019-05-01 00:09:20,5,2.44,137,263,9.0,15.36,7.65,19.137254901960784,0,0,2,0,70.66666666666666,medium
2,2019-05-01 00:38:54,2019-05-01 00:45:15,1,1.09,41,74,6.5,7.8,6.35,10.299212598425198,0,0,2,0,20.0,medium
2,2019-05-01 00:05:15,2019-05-01 00:29:05,5,3.94,161,202,17.0,27.04,23.833333333333332,9.918881118881119,0,0,2,0,59.05882352941176,medium
2,2019-05-01 00:10:26,2019-05-01 00:13:38,1,0.41,142,163,4.0,9.75,3.2,7.687499999999999,1,0,2,0,143.75,short
2,2019-05-01 00:55:30,2019-05-01 01:26:32,2,8.8,48,129,30.0,33.8,31.033333333333335,17.013963480128893,0,0,2,0,12.666666666666657,long
1,2019-05-01 00:00:40,2019-05-01 00:07:31,1,1.6,113,137,7.0,12.95,6.85,14.014598540145986,0,0,2,0,84.99999999999999,medium
1,2019-05-01 00:16:11,2019-05-01 00:24:21,1,1.4,79,234,7.5,11.3,8.166666666666666,10.285714285714286,0,0,2,0,50.66666666666667,medium
1,2019-05-01 00:58:10,2019-05-01 01:18:13,2,7.7,90,42,24.5,33.95,20.05,23.042394014962593,0,0,2,0,38.571428571428584,long
2,2019-04-30 23:59:08,2019-05-01 00:16:18,2,4.14,148,141,15.0,20.8,17.166666666666668,14.469902912621356,0,23,1,0,38.66666666666667,medium
2,2019-05-01 00:01:15,2019-05-01 00:04:53,1,1.06,162,170,5.5,19.3,3.6333333333333333,17.504587155963304,0,0,2,0,250.90909090909093,medium
2,2019-05-01 00:14:21,2019-05-01 00:25:00,1,2.09,234,161,9.5,15.96,10.65,11.774647887323942,0,0,2,0,68.0,medium
2,2019-05-01 00:36:59,2019-05-01 00:42:57,1,1.78,263,74,7.0,11.8,5.966666666666667,17.899441340782122,0,0,2,0,68.57142857142858,medium
1,2019-05-01 00:47:36,2019-05-01 00:52:41,1,1.0,230,68,5.5,9.3,5.083333333333333,11.80327868852459,0,0,2,0,69.09090909090911,medium
2,2019-05-01 00:24:21,2019-05-01 00:31:39,1,1.3,164,48,7.0,10.8,7.3,10.684931506849317,0,0,2,0,54.28571428571429,medium
1,2019-05-01 00:08:06,2019-05-01 00:14:23,1,1.2,249,211,6.0,11.8,6.283333333333333,11.458885941644562,0,0,2,0,96.66666666666669,medium
1,2019-05-01 00:41:57,2019-05-01 00:49:04,1,2.0,234,229,8.0,12.8,7.116666666666666,16.861826697892273,0,0,2,0,60.00000000000001,medium
1,2019-05-01 00:10:43,2019-05-01 00:19:30,0,1.7,237,229,8.0,14.15,8.783333333333333,11.612903225806452,0,0,2,0,76.875,medium
1,2019-05-01 00:28:17,2019-05-01 00:52:19,0,5.0,161,148,19.5,23.3,24.033333333333335,12.48266296809986,0,0,2,0,19.48717948717949,long
1,2019-05-01 00:27:58,2019-05-01 00:30:26,1,10.6,106,106,2.5,5.0,2.466666666666667,257.8378378378378,0,0,2,0,100.0,long
1,2019-05-01 00:51:47,2019-05-01 01:15:42,1,15.5,45,241,42.5,55.55,23.916666666666668,38.88501742160278,0,0,2,0,30.70588235294117,long
2,2019-04-30 23:58:05,2019-05-01 00:15:12,1,7.43,132,265,22.5,29.75,17.116666666666667,26.044790652385586,0,23,1,0,32.22222222222222,long
2,2019-05-01 00:20:43,2019-05-01 00:26:22,1,1.16,231,87,6.0,12.25,5.65,12.318584070796458,0,0,2,0,104.16666666666667,medium
2,2019-05-01 00:47:54,2019-05-01 00:53:01,2,0.88,162,162,5.5,10.7,5.116666666666666,10.319218241042346,1,0,2,0,94.54545454545453,short
1,2019-05-01 00:08:37,2019-05-01 00:13:51,1,0.9,239,142,6.0,11.27,5.233333333333333,10.318471337579616,1,0,2,0,87.83333333333333,short
1,2019-05-01 00:20:44,2019-05-01 00:31:45,1,2.3,239,41,10.0,16.55,11.016666666666667,12.52647503782148,0,0,2,0,65.5,medium
1,2019-05-01 00:40:05,2019-05-01 00:47:34,1,2.5,237,74,9.0,12.8,7.483333333333333,20.044543429844097,0,0,2,0,42.22222222222223,medium
1,2019-05-01 00:32:38,2019-05-01 00:32:54,1,0.0,193,193,2.5,3.8,0.26666666666666666,0.0,1,0,2,0,51.99999999999999,short
2,2019-05-01 00:29:52,2019-05-01 00:35:45,2,0.91,237,162,6.0,10.8,5.883333333333334,9.280453257790368,1,0,2,0,80.00000000000001,short
2,2019-05-01 00:22:14,2019-05-01 00:32:52,3,1.31,162,48,8.0,13.57,10.633333333333333,7.391849529780565,0,0,2,0,69.625,medium
2,2019-05-01 00:10:37,2019-05-01 00:15:41,1,0.99,138,129,5.5,6.8,5.066666666666666,11.723684210526315,1,0,2,0,23.636363636363633,short
2,2019-05-01 00:17:36,2019-05-01 00:39:19,1,11.25,129,208,33.5,40.92,21.716666666666665,31.082118188795093,0,0,2,0,22.149253731343286,long
2,2019-05-01 00:51:23,2019-05-01 01:10:22,1,3.91,229,7,15.0,22.56,18.983333333333334,12.358208955223882,0,0,2,0,50.39999999999999,medium
1,2019-05-01 00:01:39,2019-05-01 00:13:06,1,2.0,170,158,9.5,15.95,11.45,10.480349344978166,0,0,2,0,67.89473684210525,medium
1,2019-05-01 00:24:48,2019-05-01 00:28:04,1,0.5,79,79,4.5,9.96,3.2666666666666666,9.183673469387756,1,0,2,0,121.33333333333336,short
1,2019-05-01 00:31:37,2019-05-01 00:41:35,2,2.3,148,234,10.0,14.8,9.966666666666667,13.846153846153843,0,0,2,0,48.00000000000001,medium
1,2019-05-01 00:43:16,2019-05-01 00:50:19,1,1.6,234,162,7.5,11.5,7.05,13.617021276595747,0,0,2,0,53.333333333333336,medium
1,2019-05-01 00:55:52,2019-05-01 01:05:25,1,2.0,162,68,9.0,15.35,9.55,12.56544502617801,0,0,2,0,70.55555555555554,medium
2,2019-05-01 00:15:56,2019-05-01 00:18:45,1,0.99,236,75,5.0,8.8,2.816666666666667,21.0887573964497,1,0,2,0,76.00000000000001,short
2,2019-05-01 00:20:06,2019-05-01 00:32:35,1,4.36,75,235,14.5,15.8,12.483333333333333,20.955941255006678,0,0,2,0,8.965517241379315,medium
2,2019-05-01 00:45:56,2019-05-01 00:57:26,1,2.41,244,127,11.0,14.76,11.5,12.57391304347826,0,0,2,0,34.18181818181818,medium
2,2019-05-01 00:28:40,2019-05-01 01:09:52,3,20.23,132,249,52.0,55.3,41.2,29.461165048543688,0,0,2,0,6.3461538461538405,long
2,2019-05-01 00:40:47,2019-05-01 01:01:51,1,4.75,249,237,18.5,27.88,21.066666666666666,13.528481012658228,0,0,2,0,50.702702702702695,medium
2,2019-05-01 00:06:04,2019-05-01 00:12:53,1,1.64,237,236,7.5,11.3,6.816666666666666,14.43520782396088,0,0,2,0,50.66666666666667,medium
2,2019-05-01 00:43:49,2019-05-01 00:47:00,1,1.23,48,246,5.5,10.3,3.183333333333333,23.18324607329843,0,0,2,0,87.2727272727273,medium
2,2019-05-01 00:32:39,2019-05-01 01:10:32,1,4.02,162,226,24.0,33.36,37.88333333333333,6.366915970083589,0,0,2,0,38.99999999999999,medium
1,2019-05-01 00:39:27,2019-05-01 01:12:24,2,12.2,132,189,36.5,45.35,32.95,22.215477996965095,0,0,2,0,24.246575342465757,long
2,2019-05-01 00:15:02,2019-05-01 00:23:17,1,1.38,166,238,7.5,13.56,8.25,10.036363636363635,0,0,2,0,80.80000000000001,medium
2,2019-05-01 00:46:11,2019-05-01 01:01:53,1,5.24,142,116,17.5,21.3,15.7,20.02547770700637,0,0,2,0,21.71428571428572,long
1,2019-05-01 00:47:20,2019-05-01 01:02:35,1,5.3,132,205,18.0,19.3,15.25,20.852459016393443,0,0,2,0,7.222222222222226,long
2,2019-05-01 00:17:35,2019-05-01 00:31:06,3,2.78,161,262,11.5,15.3,13.516666666666667,12.340320591861897,0,0,2,0,33.04347826086957,medium
1,2019-05-01 00:22:02,2019-05-01 00:45:45,1,5.7,162,231,21.0,29.75,23.716666666666665,14.420238931834156,0,0,2,0,41.66666666666667,long
1,2019-05-01 00:49:46,2019-05-01 00:59:36,1,1.8,125,87,8.5,14.3,9.833333333333334,10.983050847457628,0,0,2,0,68.23529411764707,medium
1,2019-05-01 00:00:41,2019-05-01 00:07:51,0,1.1,79,107,7.0,11.88,7.166666666666667,9.209302325581396,0,0,2,0,69.71428571428572,medium
1,2019-05-01 00:25:53,2019-05-01 00:30:28,1,1.0,144,107,5.5,10.8,4.583333333333333,13.090909090909092,0,0,2,0,96.36363636363637,medium
1,2019-05-01 00:59:24,2019-05-01 01:04:30,1,2.0,79,229,7.5,11.3,5.1,23.529411764705884,0,0,2,0,50.66666666666667,medium
1,2019-05-01 00:33:30,2019-05-01 00:56:30,2,4.5,249,106,19.0,27.35,23.0,11.739130434782608,0,0,2,0,43.94736842105264,medium
1,2019-05-01 00:00:41,2019-05-01 00:32:08,1,18.0,132,163,52.0,65.42,31.45,34.34022257551669,0,0,2,0,25.80769230769231,long
2,2019-05-01 00:24:33,2019-05-01 00:29:15,1,0.79,239,142,5.5,12.09,4.7,10.085106382978724,1,0,2,0,119.81818181818183,short
2,2019-05-01 00:45:51,2019-05-01 00:57:48,1,1.87,163,237,10.0,17.94,11.95,9.389121338912135,0,0,2,0,79.40000000000002,medium
1,2019-05-01 00:25:03,2019-05-01 00:29:52,1,0.8,263,43,5.5,9.3,4.816666666666666,9.965397923875434,1,0,2,0,69.09090909090911,short
1,2019-05-01 00:34:09,2019-05-01 00:37:53,3,0.6,163,162,5.0,11.0,3.7333333333333334,9.642857142857142,1,0,2,0,120.0,short
1,2019-05-01 00:40:10,2019-05-01 00:45:49,2,1.7,162,263,7.5,13.55,5.65,18.05309734513274,0,0,2,0,80.66666666666667,medium
2,2019-05-01 00:21:59,2019-05-01 00:27:05,2,0.51,161,163,5.0,8.8,5.1,6.000000000000001,1,0,2,0,76.00000000000001,short
2,2019-05-01 00:36:43,2019-05-01 00:43:17,1,2.33,229,75,8.5,14.76,6.566666666666666,21.289340101522843,0,0,2,0,73.6470588235294,medium
2,2019-05-01 00:11:18,2019-05-01 00:35:44,1,18.27,132,148,52.0,66.36,24.433333333333334,44.86493860845839,0,0,2,0,27.615384615384613,long
2,2019-05-01 00:47:45,2019-05-01 00:57:41,1,3.05,164,236,11.0,18.5,9.933333333333334,18.422818791946305,0,0,2,0,68.18181818181817,medium
2,2019-05-01 00:06:22,2019-05-01 00:19:15,1,2.5,158,164,11.0,14.8,12.883333333333333,11.64294954721863,0,0,2,0,34.545454545454554,medium
2,2019-05-01 00:25:56,2019-05-01 00:49:18,1,5.38,234,17,20.5,31.59,23.366666666666667,13.814550641940086,0,0,2,0,54.09756097560976,long
2,2019-05-01 00:57:16,2019-05-01 01:03:41,1,2.34,256,148,9.0,16.0,6.416666666666667,21.880519480519478,0,0,2,0,77.77777777777779,medium
1,2019-05-01 00:06:21,2019-05-01 00:12:47,1,0.7,237,163,6.0,12.25,6.433333333333334,6.528497409326424,1,0,2,0,104.16666666666667,short
2,2019-05-01 00:17:31,2019-05-01 00:28:22,1,1.78,90,148,9.0,12.8,10.85,9.843317972350231,0,0,2,0,42.22222222222223,medium
2,2019-05-01 00:29:42,2019-05-01 00:33:49,1,0.85,148,4,5.0,9.8,4.116666666666666,12.388663967611336,1,0,2,0,96.00000000000001,short
1,2019-05-01 00:17:31,2019-05-01 00:22:03,1,0.9,229,162,5.5,9.3,4.533333333333333,11.911764705882353,1,0,2,0,69.09090909090911,short
1,2019-05-01 00:03:54,2019-05-01 00:26:55,1,4.4,234,33,17.5,25.55,23.016666666666666,11.46994931209269,0,0,2,0,46.0,medium
1,2019-05-01 00:59:03,2019-05-01 01:08:23,2,1.4,231,79,8.0,14.16,9.333333333333334,9.0,0,0,2,0,77.0,medium
2,2019-05-01 00:23:02,2019-05-01 00:55:27,1,18.19,132,186,52.0,61.42,32.416666666666664,33.66786632390746,0,0,2,0,18.11538461538462,long
1,2019-05-01 00:35:08,2019-05-01 00:46:42,1,3.8,48,41,13.0,20.15,11.566666666666666,19.711815561959654,0,0,2,0,54.99999999999999,medium
1,2019-05-01 00:33:11,2019-05-01 00:42:51,1,1.5,231,79,8.5,12.3,9.666666666666666,9.310344827586208,0,0,2,0,44.70588235294118,medium
1,2019-05-01 00:29:02,2019-05-01 00:36:21,1,2.3,162,263,8.5,13.3,7.316666666666666,18.861047835990888,0,0,2,0,56.47058823529413,medium
1,2019-05-01 00:50:34,2019-05-01 01:21:06,1,3.8,161,226,21.0,24.8,30.533333333333335,7.467248908296942,0,0,2,0,18.0952380952381,medium
2,2019-05-01 00:20:39,2019-05-01 00:52:54,1,18.0,132,186,52.0,73.7,32.25,33.48837209302326,0,0,2,0,41.73076923076924,long
1,2019-05-01 00:54:09,2019-05-01 01:02:41,3,1.5,246,246,8.0,14.15,8.533333333333333,10.546875,0,0,2,0,76.875,medium
1,2019-05-01 00:29:22,2019-05-01 00:44:06,3,2.7,231,107,12.0,18.95,14.733333333333333,10.995475113122172,0,0,2,0,57.91666666666666,medium
1,2019-05-01 00:45:16,2019-05-01 00:49:32,1,1.5,107,233,6.0,12.25,4.266666666666667,21.09375,0,0,2,0,104.16666666666667,medium
1,2019-05-01 00:22:54,2019-05-01 00:30:47,1,1.5,90,48,7.5,13.3,7.883333333333334,11.416490486257928,0,0,2,0,77.33333333333334,medium
1,2019-05-01 00:44:19,2019-05-01 01:11:34,1,8.0,246,61,26.5,33.3,27.25,17.61467889908257,0,0,2,0,25.660377358490553,long
2,2019-05-01 00:15:58,2019-05-01 00:25:35,6,1.98,142,161,9.0,15.36,9.616666666666667,12.353552859618716,0,0,2,0,70.66666666666666,medium
2,2019-05-01 00:46:31,2019-05-01 00:50:40,6,0.77,142,143,5.0,10.56,4.15,11.132530120481928,1,0,2,0,111.20000000000002,short
2,2019-05-01 00:01:38,2019-05-01 00:14:01,1,5.75,229,88,18.0,26.16,12.383333333333333,27.860026917900406,0,0,2,0,45.333333333333336,long
2,2019-05-01 00:30:52,2019-05-01 01:00:32,1,5.83,164,7,22.5,26.3,29.666666666666668,11.791011235955056,0,0,2,0,16.888888888888893,long
2,2019-05-01 00:06:00,2019-05-01 00:41:02,1,7.68,233,61,28.5,38.76,35.03333333333333,13.153187440532825,0,0,2,0,35.99999999999999,long
2,2019-05-01 00:20:09,2019-05-01 00:21:33,1,0.4,162,162,3.5,7.3,1.4,17.142857142857146,1,0,2,0,108.57142857142857,short
1,2019-05-01 00:29:10,2019-05-01 00:55:28,1,17.2,132,162,52.0,73.67,26.3,39.23954372623574,0,0,2,0,41.67307692307693,long
1,2019-05-01 00:23:41,2019-05-01 00:29:46,1,1.0,107,79,6.0,11.6,6.083333333333333,9.863013698630137,0,0,2,0,93.33333333333333,medium
1,2019-05-01 00:45:07,2019-05-01 00:54:02,3,1.4,107,68,8.0,12.8,8.916666666666666,9.42056074766355,0,0,2,0,60.00000000000001,medium
2,2019-05-01 00:22:26,2019-05-01 00:27:19,2,1.08,230,50,6.0,11.27,4.883333333333334,13.269624573378838,0,0,2,0,87.83333333333333,medium
2,2019-05-01 00:34:32,2019-05-01 00:50:00,2,4.83,48,116,16.0,25.74,15.466666666666667,18.737068965517242,0,0,2,0,60.87499999999999,medium
2,2019-05-01 00:25:20,2019-05-01 00:37:25,3,2.62,229,239,11.5,19.12,12.083333333333334,13.009655172413794,0,0,2,0,66.26086956521739,medium
1,2019-05-01 00:01:09,2019-05-01 00:25:12,1,17.1,132,80,46.0,47.3,24.05,42.66112266112267,0,0,2,0,2.826086956521733,long
2,2019-05-01 00:02:08,2019-05-01 00:17:41,1,5.13,230,42,16.5,25.38,15.55,19.79421221864952,0,0,2,0,53.81818181818181,long
2,2019-05-01 00:20:21,2019-05-01 00:25:59,1,1.38,41,152,6.5,9.75,5.633333333333334,14.698224852071004,0,0,2,0,50.0,medium
2,2019-05-01 00:51:20,2019-05-01 01:00:51,1,2.34,238,116,10.5,11.8,9.516666666666667,14.753064798598947,0,0,2,0,12.380952380952388,medium
2,2019-05-01 00:01:48,2019-05-01 00:11:41,1,2.55,237,75,10.0,13.8,9.883333333333333,15.48060708263069,0,0,2,0,38.00000000000001,medium
1,2019-05-01 00:28:13,2019-05-01 01:02:26,3,19.1,132,230,52.0,73.67,34.21666666666667,33.492450073063814,0,0,2,0,41.67307692307693,long
2,2019-05-01 00:34:21,2019-05-01 00:45:21,1,2.31,142,236,10.5,16.44,11.0,12.600000000000001,0,0,2,0,56.571428571428584,medium
1,2019-05-01 00:59:57,2019-05-01 01:13:18,2,2.9,43,234,12.0,18.96,13.35,13.03370786516854,0,0,2,0,58.00000000000001,medium
1,2019-05-01 00:58:25,2019-05-01 01:23:02,1,13.1,132,160,37.0,38.3,24.616666666666667,31.929587000677046,0,0,2,0,3.513513513513506,long
1,2019-05-01 00:31:18,2019-05-01 00:31:40,1,16.0,132,132,2.5,3.8,0.36666666666666664,2618.1818181818185,0,0,2,0,51.99999999999999,long
1,2019-05-01 00:32:16,2019-05-01 01:05:32,1,19.4,132,114,52.0,55.3,33.266666666666666,34.989979959919836,0,0,2,0,6.3461538461538405,long
1,2019-05-01 00:21:23,2019-05-01 00:27:56,1,1.6,125,13,7.0,10.8,6.55,14.656488549618322,0,0,2,0,54.28571428571429,medium
1,2019-05-01 00:39:29,2019-05-01 00:53:07,1,3.2,125,170,12.5,19.55,13.633333333333333,14.08312958435208,0,0,2,0,56.400000000000006,medium
1,2019-05-01 00:49:54,2019-05-01 01:17:54,1,16.5,132,213,46.0,53.42,28.0,35.357142857142854,0,0,2,0,16.1304347826087,long
2,2019-05-01 00:15:38,2019-05-01 00:19:19,1,0.65,48,50,4.5,8.3,3.683333333333333,10.588235294117647,1,0,2,0,84.44444444444446,short
2,2019-05-01 00:21:42,2019-05-01 00:27:38,1,1.67,50,43,7.0,10.8,5.933333333333334,16.8876404494382,0,0,2,0,54.28571428571429,medium
2,2019-05-01 00:38:11,2019-05-01 00:47:28,1,2.1,48,90,9.0,15.36,9.283333333333333,13.572710951526032,0,0,2,0,70.66666666666666,medium
2,2019-04-30 23:59:42,2019-05-01 00:13:35,2,8.69,138,141,25.0,41.9,13.883333333333333,37.55582232893157,0,23,1,0,67.6,long
2,2019-05-01 00:19:03,2019-05-01 00:36:40,1,3.18,237,68,12.5,19.56,17.616666666666667,10.830652790917693,0,0,2,0,56.47999999999998,medium
2,2019-05-01 00:52:22,2019-05-01 01:17:56,5,7.33,141,256,24.0,33.36,25.566666666666666,17.202086049543677,0,0,2,0,38.99999999999999,long
2,2019-05-01 00:06:27,2019-05-01 00:25:34,1,4.56,114,43,17.0,24.96,19.116666666666667,14.312118570183085,0,0,2,0,46.82352941176471,medium
2,2019-05-01 00:36:19,2019-05-01 00:52:55,1,4.51,48,13,16.5,20.3,16.6,16.301204819277107,0,0,2,0,23.030303030303035,medium
2,2019-05-01 00:55:28,2019-05-01 01:13:28,1,4.29,261,189,16.5,24.36,18.0,14.3,0,0,2,0,47.63636363636363,medium
2,2019-05-01 00:09:36,2019-05-01 00:17:00,1,2.16,231,68,8.5,14.76,7.4,17.513513513513516,0,0,2,0,73.6470588235294,medium
2,2019-05-01 00:43:23,2019-05-01 01:00:56,1,8.71,231,263,25.5,35.16,17.55,29.77777777777778,0,0,2,0,37.88235294117646,long
2,2019-05-01 00:24:08,2019-05-01 00:31:15,1,1.2,230,100,6.5,12.36,7.116666666666666,10.117096018735364,0,0,2,0,90.15384615384615,medium
2,2019-05-01 00:41:04,2019-05-01 00:48:11,1,1.38,161,237,7.0,10.8,7.116666666666666,11.634660421545668,0,0,2,0,54.28571428571429,medium
1,2019-05-01 00:25:14,2019-05-01 00:33:07,1,1.6,170,114,8.0,14.15,7.883333333333334,12.177589852008458,0,0,2,0,76.875,medium
1,2019-05-01 00:53:17,2019-05-01 00:56:37,1,0.5,181,181,4.5,6.95,3.3333333333333335,9.0,1,0,2,0,54.44444444444445,short
1,2019-05-01 00:45:54,2019-05-01 00:56:31,1,7.2,148,196,21.0,24.8,10.616666666666667,40.69073783359497,0,0,2,0,18.0952380952381,long
2,2019-04-30 23:58:20,2019-05-01 00:19:44,1,11.85,97,97,32.5,33.8,21.4,33.22429906542056,0,23,1,0,3.999999999999991,long
2,2019-05-01 00:02:41,2019-05-01 00:32:02,1,5.06,162,82,22.0,30.96,29.35,10.344122657580918,0,0,2,0,40.72727272727273,long
1,2019-05-01 00:20:14,2019-05-01 00:41:07,1,15.7,132,255,42.0,51.95,20.883333333333333,45.10774142059058,0,0,2,0,23.690476190476197,long
1,2019-05-01 00:40:55,2019-05-01 00:44:06,0,0.8,90,249,4.5,9.95,3.183333333333333,15.078534031413614,1,0,2,0,121.1111111111111,short
2,2019-05-01 00:06:29,2019-05-01 00:16:57,5,1.41,237,50,8.5,13.5,10.466666666666667,8.082802547770699,0,0,2,0,58.82352941176471,medium
2,2019-05-01 00:21:12,2019-05-01 00:25:24,1,0.71,249,90,5.0,8.8,4.2,10.14285714285714,1,0,2,0,76.00000000000001,short
2,2019-05-01 00:08:10,2019-05-01 00:11:48,1,0.95,140,263,5.0,8.8,3.6333333333333333,15.688073394495412,1,0,2,0,76.00000000000001,short
2,2019-05-01 00:16:48,2019-05-01 00:21:35,1,1.49,236,43,6.5,12.36,4.783333333333333,18.689895470383274,0,0,2,0,90.15384615384615,medium
2,2019-05-01 00:30:50,2019-05-01 00:36:24,2,0.89,43,142,5.5,9.3,5.566666666666666,9.592814371257486,1,0,2,0,69.09090909090911,short
2,2019-05-01 00:18:23,2019-05-01 00:22:34,1,1.12,211,158,5.5,11.16,4.183333333333334,16.06374501992032,0,0,2,0,102.9090909090909,medium
2,2019-05-01 00:43:10,2019-05-01 00:52:02,2,2.69,79,229,9.5,14.3,8.866666666666667,18.20300751879699,0,0,2,0,50.5263157894737,medium
2,2019-05-01 00:05:48,2019-05-01 00:12:40,1,0.85,161,230,6.0,11.76,6.866666666666666,7.427184466019418,1,0,2,0,96.0,short
1,2019-05-01 00:10:29,2019-05-01 00:17:38,1,1.2,170,50,7.0,10.8,7.15,10.06993006993007,0,0,2,0,54.28571428571429,medium
1,2019-05-01 00:36:36,2019-05-01 00:43:11,1,1.2,231,261,6.5,10.3,6.583333333333333,10.936708860759493,0,0,2,0,58.461538461538474,medium
1,2019-05-01 00:42:36,2019-05-01 00:46:49,1,1.3,90,48,6.0,11.0,4.216666666666667,18.49802371541502,0,0,2,0,83.33333333333334,medium
1,2019-05-01 00:31:01,2019-05-01 00:47:41,1,8.7,132,95,26.0,32.75,16.666666666666668,31.319999999999997,0,0,2,0,25.961538461538463,long
2,2019-05-01 00:40:09,2019-05-01 01:21:35,5,22.72,132,25,63.5,69.8,41.43333333333333,32.90104585679807,0,0,2,0,9.921259842519682,long
2,2019-05-01 00:25:46,2019-05-01 00:31:56,6,2.02,68,142,8.0,15.34,6.166666666666667,19.654054054054054,0,0,2,0,91.75,medium
2,2019-05-01 00:56:24,2019-05-01 01:05:51,6,2.53,161,107,9.5,15.96,9.45,16.063492063492063,0,0,2,0,68.0,medium
2,2019-05-01 00:53:24,2019-05-01 00:55:31,2,0.39,186,100,3.5,8.76,2.1166666666666667,11.055118110236222,1,0,2,0,150.28571428571428,short
1,2019-05-01 00:30:14,2019-05-01 00:37:14,1,1.4,237,262,7.5,11.3,7.0,11.999999999999998,0,0,2,0,50.66666666666667,medium
1,2019-05-01 00:42:14,2019-05-01 00:50:27,1,1.9,236,238,8.5,13.3,8.216666666666667,13.874239350912777,0,0,2,0,56.47058823529413,medium
2,2019-05-01 00:05:34,2019-05-01 00:18:58,1,3.53,161,41,13.5,17.3,13.4,15.805970149253731,0,0,2,0,28.148148148148156,medium
2,2019-05-01 00:40:20,2019-05-01 00:42:59,1,0.81,236,236,4.5,9.96,2.65,18.339622641509436,1,0,2,0,121.33333333333336,short
2,2019-05-01 00:01:01,2019-05-01 00:28:59,1,10.26,224,258,31.0,47.92,27.966666666666665,22.0119189511323,0,0,2,0,54.580645161290334,long
1,2019-05-01 00:42:25,2019-05-01 00:46:12,1,0.9,161,164,5.0,11.4,3.783333333333333,14.273127753303964,1,0,2,0,128.0,short
1,2019-05-01 00:06:01,2019-05-01 00:14:41,1,2.7,163,24,10.0,13.8,8.666666666666666,18.692307692307697,0,0,2,0,38.00000000000001,medium
2,2019-04-30 23:46:07,2019-04-30 23:53:32,1,1.3,79,249,7.0,10.8,7.416666666666667,10.51685393258427,0,23,1,0,54.28571428571429,medium
2,2019-05-01 00:05:16,2019-05-01 00:16:33,1,2.21,211,186,9.5,13.3,11.283333333333333,11.751846381093058,0,0,2,0,40.00000000000001,medium
1,2019-05-01 00:35:50,2019-05-01 00:46:03,2,2.8,137,141,10.5,14.3,10.216666666666667,16.443719412724306,0,0,2,0,36.1904761904762,medium
1,2019-05-01 00:36:29,2019-05-01 00:47:49,3,2.4,170,148,10.5,17.15,11.333333333333334,12.705882352941174,0,0,2,0,63.33333333333332,medium
1,2019-05-01 00:02:39,2019-05-01 00:10:20,1,1.1,211,148,7.0,12.95,7.683333333333334,8.59002169197397,0,0,2,0,84.99999999999999,medium
1,2019-05-01 00:04:44,2019-05-01 00:09:24,1,0.6,107,164,5.0,9.8,4.666666666666667,7.7142857142857135,1,0,2,0,96.00000000000001,short
1,2019-05-01 00:34:20,2019-05-01 00:48:39,1,4.0,234,238,15.0,22.55,14.316666666666666,16.763678696158323,0,0,2,0,50.33333333333334,medium
1,2019-05-01 00:40:47,2019-05-01 00:48:48,1,2.0,161,141,8.5,13.3,8.016666666666667,14.968814968814968,0,0,2,0,56.47058823529413,medium
1,2019-05-01 00:04:10,2019-05-01 00:15:08,2,2.5,230,79,10.0,16.55,10.966666666666667,13.677811550151976,0,0,2,0,65.5,medium
1,2019-05-01 00:21:09,2019-05-01 00:36:20,1,3.3,79,48,13.0,20.15,15.183333333333334,13.040614709110868,0,0,2,0,54.99999999999999,medium
1,2019-05-01 00:45:39,2019-05-01 00:59:48,1,3.3,100,262,13.0,20.15,14.15,13.992932862190811,0,0,2,0,54.99999999999999,medium
2,2019-05-01 00:19:46,2019-05-01 00:33:23,1,3.54,79,246,13.0,20.16,13.616666666666667,15.598531211750306,0,0,2,0,55.07692307692308,medium
2,2019-05-01 00:47:51,2019-05-01 00:51:08,1,0.51,113,114,4.0,9.36,3.283333333333333,9.319796954314722,1,0,2,0,134.0,short
2,2019-05-01 00:47:13,2019-05-01 01:26:52,2,18.92,132,230,52.0,66.36,39.65,28.63051702395965,0,0,2,0,27.615384615384613,long
2,2019-05-01 00:49:09,2019-05-01 01:18:08,2,17.83,132,164,52.0,61.42,28.983333333333334,36.91086831512363,0,0,2,0,18.11538461538462,long
1,2019-05-01 00:50:01,2019-05-01 00:53:31,2,0.9,48,48,4.5,9.95,3.5,15.428571428571429,1,0,2,0,121.1111111111111,short
2,2019-05-01 00:25:19,2019-05-01 00:34:41,1,2.1,163,107,9.5,17.29,9.366666666666667,13.451957295373665,0,0,2,0,82.0,medium
2,2019-05-01 00:53:56,2019-05-01 01:05:32,4,2.95,142,43,12.0,18.96,11.6,15.258620689655174,0,0,2,0,58.00000000000001,medium
2,2019-05-01 00:09:20,2019-05-01 00:17:12,1,2.25,161,249,8.5,14.76,7.866666666666666,17.161016949152543,0,0,2,0,73.6470588235294,medium
1,2019-05-01 00:25:40,2019-05-01 00:30:44,1,0.9,142,230,5.5,9.3,5.066666666666666,10.657894736842104,1,0,2,0,69.09090909090911,short
1,2019-05-01 00:42:27,2019-05-01 00:51:08,4,1.6,142,162,8.0,13.8,8.683333333333334,11.05566218809981,0,0,2,0,72.50000000000001,medium
1,2019-05-01 00:57:15,2019-05-01 01:07:31,2,1.6,162,246,9.0,15.35,10.266666666666667,9.35064935064935,0,0,2,0,70.55555555555554,medium
2,2019-05-01 00:13:18,2019-05-01 00:18:00,5,0.6,230,170,5.0,8.8,4.7,7.659574468085106,1,0,2,0,76.00000000000001,short
2,2019-05-01 00:38:42,2019-05-01 00:44:58,5,1.15,231,87,6.5,12.36,6.266666666666667,11.01063829787234,0,0,2,0,90.15384615384615,medium
1,2019-05-01 00:34:32,2019-05-01 00:38:24,1,0.6,45,209,4.5,8.3,3.8666666666666667,9.310344827586206,1,0,2,0,84.44444444444446,short
1,2019-05-01 00:39:52,2019-05-01 00:44:34,1,0.9,209,232,5.5,11.15,4.7,11.48936170212766,1,0,2,0,102.72727272727273,short
1,2019-05-01 00:11:15,2019-05-01 00:20:53,1,4.8,87,233,15.0,18.8,9.633333333333333,29.8961937716263,0,0,2,0,25.333333333333336,medium
1,2019-05-01 00:27:39,2019-05-01 00:33:24,1,1.6,141,236,7.0,12.95,5.75,16.695652173913043,0,0,2,0,84.99999999999999,medium
2,2019-05-01 00:24:59,2019-05-01 00:28:41,1,0.67,231,125,4.5,9.3,3.7,10.864864864864865,1,0,2,0,106.66666666666669,short
2,2019-05-01 00:13:05,2019-05-01 00:23:04,1,2.28,41,42,10.0,11.3,9.983333333333333,13.702838063439065,0,0,2,0,13.000000000000005,medium
2,2019-05-01 00:34:04,2019-05-01 00:54:40,1,4.09,263,7,15.5,19.3,20.6,11.9126213592233,0,0,2,0,24.516129032258068,medium
1,2019-05-01 00:24:56,2019-05-01 00:31:46,1,0.6,234,79,5.0,10.55,6.833333333333333,5.2682926829268295,1,0,2,0,111.00000000000001,short
1,2019-05-01 00:58:59,2019-05-01 01:12:36,1,2.0,148,90,10.0,15.8,13.616666666666667,8.812729498164014,0,0,2,0,58.00000000000001,medium
1,2019-05-01 00:35:09,2019-05-01 00:41:25,1,1.3,97,49,6.5,7.8,6.266666666666667,12.446808510638299,0,0,2,0,20.0,medium
1,2019-05-01 00:02:56,2019-05-01 00:29:51,1,6.3,249,75,21.5,27.3,26.916666666666668,14.043343653250773,0,0,2,0,26.976744186046513,long
1,2019-05-01 00:38:11,2019-05-01 00:48:55,1,2.4,141,137,10.5,15.3,10.733333333333333,13.416149068322982,0,0,2,0,45.714285714285715,medium
1,2019-05-01 00:49:53,2019-05-01 01:01:42,1,2.8,264,161,11.0,17.75,11.816666666666666,14.217207334273624,0,0,2,0,61.36363636363637,medium
1,2019-05-01 00:33:03,2019-05-01 01:03:47,1,15.5,132,255,44.0,54.35,30.733333333333334,30.260303687635574,0,0,2,0,23.522727272727277,long
1,2019-05-01 00:57:17,2019-05-01 01:19:07,1,4.9,163,223,18.5,22.3,21.833333333333332,13.465648854961835,0,0,2,0,20.540540540540544,medium
1,2019-05-01 00:36:48,2019-05-01 00:55:54,1,6.6,249,166,21.5,29.1,19.1,20.732984293193713,0,0,2,0,35.34883720930233,long
1,2019-05-01 00:04:27,2019-05-01 00:08:24,1,1.0,237,236,5.5,10.7,3.95,15.189873417721516,0,0,2,0,94.54545454545453,medium
1,2019-05-01 00:15:13,2019-05-01 00:22:11,1,2.5,263,74,9.0,12.8,6.966666666666667,21.5311004784689,0,0,2,0,42.22222222222223,medium
1,2019-05-01 00:53:24,2019-05-01 01:00:43,2,1.7,237,262,7.5,11.3,7.316666666666666,13.940774487471527,0,0,2,0,50.66666666666667,medium
2,2019-05-01 00:01:50,2019-05-01 00:08:44,1,1.64,233,234,7.0,12.96,6.9,14.26086956521739,0,0,2,0,85.14285714285715,medium
2,2019-05-01 00:14:11,2019-05-01 00:27:20,1,4.32,164,41,14.5,21.96,13.15,19.711026615969583,0,0,2,0,51.44827586206897,medium
2,2019-05-01 00:09:52,2019-05-01 00:43:45,4,12.26,48,89,37.5,50.42,33.88333333333333,21.709788489916377,0,0,2,0,34.45333333333333,long
2,2019-05-01 00:44:44,2019-05-01 00:51:35,1,1.51,114,107,7.0,12.96,6.85,13.226277372262773,0,0,2,0,85.14285714285715,medium
1,2019-05-01 00:21:55,2019-05-01 00:34:56,3,3.0,249,48,11.5,15.3,13.016666666666667,13.828425096030728,0,0,2,0,33.04347826086957,medium
1,2019-05-01 00:39:02,2019-05-01 00:51:54,1,3.8,48,41,13.0,21.0,12.866666666666667,17.72020725388601,0,0,2,0,61.53846153846154,medium
2,2019-05-01 00:09:43,2019-05-01 00:14:36,1,0.67,230,163,5.0,8.8,4.883333333333334,8.232081911262798,1,0,2,0,76.00000000000001,short
2,2019-05-01 00:18:10,2019-05-01 00:29:21,1,2.16,163,68,10.0,13.8,11.183333333333334,11.588673621460508,0,0,2,0,38.00000000000001,medium
2,2019-05-01 00:30:30,2019-05-01 00:44:58,1,7.39,138,233,21.5,37.7,14.466666666666667,30.649769585253456,0,0,2,0,75.34883720930235,long
2,2019-05-01 00:58:09,2019-05-01 01:09:29,1,2.61,151,48,11.0,17.76,11.333333333333334,13.817647058823527,0,0,2,0,61.454545454545475,medium
2,2019-05-01 00:29:51,2019-05-01 01:04:29,1,26.89,132,89,70.0,85.56,34.63333333333333,46.58517805582291,0,0,2,0,22.22857142857143,long
2,2019-05-01 00:09:45,2019-05-01 00:30:31,1,8.23,138,80,25.5,33.5,20.766666666666666,23.7784911717496,0,0,2,0,31.372549019607842,long
1,2019-05-01 00:03:49,2019-05-01 00:07:43,1,1.0,237,162,5.0,10.55,3.9,15.384615384615383,0,0,2,0,111.00000000000001,medium
2,2019-05-01 00:03:17,2019-05-01 00:09:26,1,1.15,142,239,6.5,10.3,6.15,11.219512195121949,0,0,2,0,58.461538461538474,medium
2,2019-05-01 00:26:51,2019-05-01 00:44:39,1,3.83,142,42,15.5,23.16,17.8,12.910112359550562,0,0,2,0,49.41935483870968,medium
2,2019-04-30 23:51:58,2019-05-01 00:06:58,1,2.72,141,186,12.0,18.96,15.0,10.88,0,23,1,0,58.00000000000001,medium
1,2019-05-01 00:15:26,2019-05-01 00:29:45,1,3.5,107,256,14.0,19.8,14.316666666666666,14.668218859138534,0,0,2,0,41.42857142857143,medium
2,2019-05-01 00:30:59,2019-05-01 01:03:22,1,17.61,132,237,52.0,65.3,32.38333333333333,32.62789500772002,0,0,2,0,25.57692307692307,long
1,2019-05-01 00:51:32,2019-05-01 01:10:25,2,4.5,114,262,16.5,24.35,18.883333333333333,14.298323036187114,0,0,2,0,47.575757575757585,medium
2,2019-05-01 00:10:14,2019-05-01 00:18:40,1,1.13,163,48,7.5,11.3,8.433333333333334,8.039525691699604,0,0,2,0,50.66666666666667,medium
1,2019-05-01 00:01:36,2019-05-01 00:11:09,1,3.6,107,263,11.5,18.35,9.55,22.617801047120416,0,0,2,0,59.56521739130436,medium
1,2019-05-01 00:16:07,2019-05-01 00:24:46,1,2.1,263,163,9.0,16.6,8.65,14.566473988439308,0,0,2,0,84.44444444444446,medium
1,2019-05-01 00:50:41,2019-05-01 01:13:58,1,12.0,229,228,34.5,45.95,23.283333333333335,30.923407301360054,0,0,2,0,33.18840579710145,long
1,2019-05-01 00:17:00,2019-05-01 00:24:27,1,1.5,263,238,7.5,13.0,7.45,12.080536912751677,0,0,2,0,73.33333333333333,medium
1,2019-05-01 00:27:28,2019-05-01 00:37:50,1,2.0,239,230,10.0,13.8,10.366666666666667,11.57556270096463,0,0,2,0,38.00000000000001,medium
1,2019-05-01 00:44:09,2019-05-01 00:46:55,1,0.8,48,48,4.5,8.3,2.7666666666666666,17.34939759036145,1,0,2,0,84.44444444444446,short
1,2019-05-01 00:35:23,2019-05-01 00:45:43,1,4.3,140,232,14.5,19.3,10.333333333333334,24.967741935483872,0,0,2,0,33.10344827586207,medium
2,2019-05-01 00:32:37,2019-05-01 01:05:23,1,19.08,132,265,60.5,61.8,32.766666666666666,34.93794506612411,0,0,2,0,2.1487603305785075,long
1,2019-05-01 00:08:35,2019-05-01 00:25:38,1,3.0,79,230,13.5,20.75,17.05,10.557184750733137,0,0,2,0,53.70370370370371,medium
1,2019-05-01 00:28:34,2019-05-01 00:35:46,1,1.7,230,249,7.5,13.0,7.2,14.166666666666664,0,0,2,0,73.33333333333333,medium
1,2019-05-01 00:47:26,2019-05-01 00:50:51,1,0.7,186,48,4.5,8.3,3.4166666666666665,12.292682926829269,1,0,2,0,84.44444444444446,short
1,2019-05-01 00:29:09,2019-05-01 00:54:25,0,16.8,132,162,52.0,66.42,25.266666666666666,39.894459102902374,0,0,2,0,27.730769230769237,long
2,2019-05-01 00:14:35,2019-05-01 00:26:36,3,2.87,114,50,11.5,19.89,12.016666666666667,14.33009708737864,0,0,2,0,72.95652173913044,medium
2,2019-05-01 00:42:11,2019-05-01 00:52:08,3,2.06,100,107,9.0,12.8,9.95,12.422110552763819,0,0,2,0,42.22222222222223,medium
1,2019-05-01 00:36:32,2019-05-01 00:54:08,1,6.9,138,263,21.0,40.17,17.6,23.522727272727273,0,0,2,0,91.28571428571429,long
2,2019-04-30 23:59:06,2019-05-01 00:12:19,1,3.29,237,151,12.5,16.3,13.216666666666667,14.935687263556117,0,23,1,0,30.400000000000006,medium
2,2019-05-01 00:26:01,2019-05-01 00:31:42,1,1.2,143,230,6.5,12.36,5.683333333333334,12.668621700879765,0,0,2,0,90.15384615384615,medium
2,2019-05-01 00:33:43,2019-05-01 00:33:58,1,0.05,161,161,-2.5,-6.3,0.25,12.0,1,0,2,0,152.0,short
2,2019-05-01 00:33:43,2019-05-01 00:33:58,1,0.05,161,161,2.5,6.3,0.25,12.0,1,0,2,0,152.0,short
2,2019-05-01 00:04:53,2019-05-01 00:18:15,1,2.53,161,246,11.5,18.36,13.366666666666667,11.356608478802992,0,0,2,0,59.65217391304347,medium
2,2019-05-01 00:34:32,2019-05-01 00:37:55,1,0.49,114,211,4.5,9.3,3.3833333333333333,8.689655172413792,1,0,2,0,106.66666666666669,short
2,2019-05-01 00:15:02,2019-05-01 00:36:36,1,3.96,166,243,16.5,17.8,21.566666666666666,11.017001545595054,0,0,2,0,7.878787878787883,medium
2,2019-04-30 23:58:51,2019-05-01 00:07:08,2,1.28,114,125,7.5,11.3,8.283333333333333,9.271629778672033,0,23,1,0,50.66666666666667,medium
2,2019-05-01 00:19:42,2019-05-01 00:23:43,1,0.44,114,114,4.5,9.54,4.016666666666667,6.572614107883817,1,0,2,0,111.99999999999999,short
2,2019-05-01 00:35:37,2019-05-01 00:42:54,1,1.42,233,48,7.5,13.56,7.283333333333333,11.697940503432493,0,0,2,0,80.80000000000001,medium
1,2019-05-01 00:09:14,2019-05-01 00:37:02,1,8.2,140,36,28.0,34.8,27.8,17.697841726618705,0,0,2,0,24.285714285714274,long
2,2019-05-01 00:06:02,2019-05-01 00:14:18,5,1.79,234,246,8.0,13.3,8.266666666666667,12.991935483870966,0,0,2,0,66.25000000000001,medium
2,2019-05-01 00:35:01,2019-05-01 00:46:03,5,2.41,161,90,10.0,16.56,11.033333333333333,13.105740181268883,0,0,2,0,65.6,medium
2,2019-05-01 00:49:13,2019-05-01 01:02:36,5,3.18,90,237,12.0,18.96,13.383333333333333,14.256537982565382,0,0,2,0,58.00000000000001,medium
1,2019-05-01 00:03:20,2019-05-01 00:31:02,2,7.8,48,244,27.0,36.95,27.7,16.895306859205775,0,0,2,0,36.85185185185186,long
1,2019-05-01 00:50:26,2019-05-01 01:11:51,2,5.6,238,224,20.0,23.8,21.416666666666668,15.688715953307392,0,0,2,0,19.000000000000004,long
1,2019-05-01 00:01:54,2019-05-01 00:14:27,1,1.8,48,229,9.5,15.95,12.55,8.605577689243027,0,0,2,0,67.89473684210525,medium
1,2019-05-01 00:52:53,2019-05-01 00:59:12,1,1.4,239,151,7.0,14.0,6.316666666666666,13.29815303430079,0,0,2,0,100.0,medium
2,2019-05-01 00:14:35,2019-05-01 00:36:32,1,1.4,249,234,9.0,12.8,21.95,3.8268792710706148,0,0,2,0,42.22222222222223,medium
1,2019-05-01 00:05:13,2019-05-01 00:13:37,1,1.2,79,234,7.5,13.55,8.4,8.571428571428571,0,0,2,0,80.66666666666667,medium
1,2019-05-01 00:25:24,2019-05-01 00:32:16,1,1.0,231,144,6.5,11.3,6.866666666666666,8.737864077669904,0,0,2,0,73.84615384615387,medium
1,2019-05-01 00:54:13,2019-05-01 01:01:17,1,1.3,230,50,7.0,12.95,7.066666666666666,11.037735849056604,0,0,2,0,84.99999999999999,medium
2,2019-05-01 00:13:59,2019-05-01 00:26:13,1,3.35,261,224,12.5,19.56,12.233333333333333,16.430517711171664,0,0,2,0,56.47999999999998,medium
2,2019-05-01 00:30:51,2019-05-01 00:37:34,1,1.02,79,144,6.5,12.36,6.716666666666667,9.11166253101737,0,0,2,0,90.15384615384615,medium
1,2019-05-01 00:26:07,2019-05-01 00:38:21,1,2.7,114,230,11.5,15.3,12.233333333333333,13.242506811989102,0,0,2,0,33.04347826086957,medium
1,2019-05-01 00:13:00,2019-05-01 00:23:49,2,2.5,229,113,10.5,15.44,10.816666666666666,13.86748844375963,0,0,2,0,47.047619047619044,medium
1,2019-05-01 00:30:54,2019-05-01 00:39:09,4,2.0,114,87,8.5,12.3,8.25,14.545454545454545,0,0,2,0,44.70588235294118,medium
1,2019-05-01 00:19:46,2019-05-01 00:24:43,1,0.9,164,233,5.5,11.15,4.95,10.909090909090908,1,0,2,0,102.72727272727273,short
1,2019-05-01 00:38:37,2019-05-01 01:06:48,1,5.1,230,129,22.0,25.8,28.183333333333334,10.857480780603193,0,0,2,0,17.272727272727277,long
1,2019-05-01 00:04:25,2019-05-01 00:19:40,1,8.0,132,95,23.5,24.8,15.25,31.475409836065577,0,0,2,0,5.531914893617024,long
2,2019-05-01 00:40:11,2019-05-01 00:54:32,1,7.45,88,263,21.5,30.36,14.35,31.149825783972126,0,0,2,0,41.20930232558139,long
2,2019-05-01 00:00:08,2019-05-01 00:36:35,3,12.29,132,189,37.0,45.96,36.45,20.230452674897116,0,0,2,0,24.216216216216218,long
2,2019-05-01 00:10:20,2019-05-01 00:20:43,1,1.96,237,142,9.5,14.8,10.383333333333333,11.325842696629215,0,0,2,0,55.789473684210535,medium
2,2019-05-01 00:44:15,2019-05-01 01:02:42,1,9.71,132,39,28.5,29.8,18.45,31.577235772357728,0,0,2,0,4.5614035087719325,long
2,2019-05-01 00:18:14,2019-05-01 00:30:49,1,2.7,113,50,11.0,14.8,12.583333333333334,12.874172185430464,0,0,2,0,34.545454545454554,medium
1,2019-05-01 00:54:24,2019-05-01 01:09:49,2,6.9,137,159,21.5,27.3,15.416666666666666,26.854054054054057,0,0,2,0,26.976744186046513,long
2,2019-05-01 00:08:02,2019-05-01 00:19:06,2,2.58,90,87,10.0,17.25,11.066666666666666,13.987951807228917,0,0,2,0,72.5,medium
2,2019-05-01 00:22:11,2019-05-01 00:34:58,1,1.89,87,148,10.0,16.56,12.783333333333333,8.870925684485005,0,0,2,0,65.6,medium
1,2019-05-01 00:13:23,2019-05-01 00:17:00,2,0.8,144,79,4.5,9.95,3.6166666666666667,13.27188940092166,1,0,2,0,121.1111111111111,short
1,2019-05-01 00:20:11,2019-05-01 00:31:04,1,3.6,107,143,11.5,19.1,10.883333333333333,19.846860643185302,0,0,2,0,66.08695652173914,medium
2,2019-05-01 00:13:36,2019-05-01 00:38:06,2,11.97,100,18,34.0,37.8,24.5,29.314285714285717,0,0,2,0,11.176470588235286,long
1,2019-05-01 00:50:28,2019-05-01 01:13:23,1,6.9,87,255,22.5,32.85,22.916666666666668,18.065454545454546,0,0,2,0,46.00000000000001,long
1,2019-05-01 00:15:27,2019-05-01 00:48:27,1,15.0,138,211,45.0,58.55,33.0,27.27272727272727,0,0,2,0,30.111111111111104,long
2,2019-05-01 00:08:26,2019-05-01 00:21:29,1,2.15,264,264,11.0,17.76,13.05,9.885057471264368,0,0,2,0,61.454545454545475,medium
2,2019-05-01 00:53:08,2019-05-01 01:08:26,1,4.03,264,264,14.5,19.1,15.3,15.803921568627452,0,0,2,0,31.72413793103449,medium
1,2019-05-01 00:59:27,2019-05-01 01:06:30,2,2.2,158,230,8.5,12.3,7.05,18.723404255319153,0,0,2,0,44.70588235294118,medium
2,2019-05-01 00:39:53,2019-05-01 01:08:23,1,6.71,249,74,22.0,27.8,28.5,14.126315789473685,0,0,2,0,26.363636363636367,long
2,2019-05-01 00:00:39,2019-05-01 00:07:31,1,1.85,231,68,7.5,12.5,6.866666666666666,16.165048543689323,0,0,2,0,66.66666666666666,medium
2,2019-05-01 00:50:22,2019-05-01 00:57:05,3,1.32,163,48,7.0,10.8,6.716666666666667,11.791563275434244,0,0,2,0,54.28571428571429,medium
1,2019-05-01 00:25:27,2019-05-01 00:45:57,1,4.4,113,43,17.5,25.55,20.5,12.878048780487806,0,0,2,0,46.0,medium
2,2019-05-01 00:22:58,2019-05-01 00:41:37,2,2.79,48,79,14.0,17.8,18.65,8.975871313672924,0,0,2,0,27.142857142857146,medium
2,2019-05-01 00:40:32,2019-05-01 00:44:14,1,0.92,140,141,5.0,12.8,3.7,14.91891891891892,1,0,2,0,156.0,short
1,2019-05-01 00:19:16,2019-05-01 00:46:51,1,20.1,132,237,52.0,73.67,27.583333333333332,43.72205438066466,0,0,2,0,41.67307692307693,long
2,2019-05-01 00:46:54,2019-05-01 00:55:59,3,5.22,132,215,16.0,20.76,9.083333333333334,34.480733944954125,0,0,2,0,29.75000000000001,long
2,2019-05-01 00:33:10,2019-05-01 00:33:47,1,0.06,140,141,2.5,6.3,0.6166666666666667,5.837837837837838,1,0,2,0,152.0,short
2,2019-05-01 00:11:20,2019-05-01 00:12:56,5,0.61,236,75,4.0,8.8,1.6,22.874999999999996,1,0,2,0,120.00000000000001,short
2,2019-05-01 00:42:26,2019-05-01 00:51:35,5,2.11,48,249,9.0,14.72,9.15,13.836065573770492,0,0,2,0,63.555555555555564,medium
2,2019-05-01 00:04:20,2019-05-01 00:18:52,1,3.13,237,79,13.0,20.16,14.533333333333333,12.922018348623853,0,0,2,0,55.07692307692308,medium
1,2019-05-01 00:31:49,2019-05-01 00:36:08,1,1.3,90,48,6.0,9.8,4.316666666666666,18.06949806949807,0,0,2,0,63.33333333333334,medium
1,2019-05-01 00:54:50,2019-05-01 01:00:55,1,1.3,164,48,6.5,12.35,6.083333333333333,12.821917808219178,0,0,2,0,89.99999999999999,medium
1,2019-05-01 00:05:46,2019-05-01 00:18:10,1,2.7,161,249,23.0,29.6,12.4,13.06451612903226,0,0,2,0,28.69565217391305,medium
1,2019-05-01 00:27:12,2019-05-01 00:36:53,1,1.7,68,170,8.5,12.3,9.683333333333334,10.53356282271945,0,0,2,0,44.70588235294118,medium
1,2019-05-01 00:05:42,2019-05-01 00:14:36,0,1.9,107,230,8.5,14.75,8.9,12.808988764044942,0,0,2,0,73.52941176470588,medium
1,2019-05-01 00:02:10,2019-05-01 00:10:55,1,1.3,79,137,8.0,12.98,8.75,8.914285714285715,0,0,2,0,62.25000000000001,medium
1,2019-05-01 00:42:54,2019-05-01 00:55:25,1,1.9,158,144,10.0,13.8,12.516666666666667,9.10785619174434,0,0,2,0,38.00000000000001,medium
2,2019-05-01 00:18:32,2019-05-01 00:29:56,6,2.12,164,142,10.0,16.56,11.4,11.157894736842106,0,0,2,0,65.6,medium
2,2019-05-01 00:48:00,2019-05-01 00:53:32,6,0.86,113,107,5.5,11.16,5.533333333333333,9.325301204819278,1,0,2,0,102.9090909090909,short
1,2019-05-01 00:19:33,2019-05-01 00:37:32,2,4.3,211,237,16.0,22.8,17.983333333333334,14.346617238183503,0,0,2,0,42.50000000000001,medium
2,2019-05-01 00:03:14,2019-05-01 00:14:27,1,2.26,113,232,10.0,13.8,11.216666666666667,12.089153046062407,0,0,2,0,38.00000000000001,medium
2,2019-05-01 00:40:44,2019-05-01 01:00:37,2,7.17,231,151,23.0,32.16,19.883333333333333,21.63621123218776,0,0,2,0,39.82608695652172,long
2,2019-05-01 00:09:46,2019-05-01 00:15:55,2,1.16,50,68,6.5,10.3,6.15,11.317073170731705,0,0,2,0,58.461538461538474,medium
2,2019-05-01 00:42:36,2019-05-01 01:06:26,2,4.61,230,260,18.5,22.3,23.833333333333332,11.605594405594408,0,0,2,0,20.540540540540544,medium
1,2019-05-01 00:04:33,2019-05-01 00:10:56,3,1.4,249,246,6.5,10.3,6.383333333333334,13.159268929503915,0,0,2,0,58.461538461538474,medium
1,2019-05-01 00:33:40,2019-05-01 00:40:42,1,1.7,164,229,7.5,11.3,7.033333333333333,14.502369668246446,0,0,2,0,50.66666666666667,medium
2,2019-05-01 00:15:26,2019-05-01 00:20:27,4,1.15,48,163,6.0,10.8,5.016666666666667,13.754152823920265,0,0,2,0,80.00000000000001,medium
2,2019-05-01 00:23:05,2019-05-01 00:58:05,4,10.44,163,181,33.0,44.16,35.0,17.897142857142857,0,0,2,0,33.818181818181806,long
1,2019-05-01 00:09:16,2019-05-01 00:34:11,1,16.6,132,170,52.0,73.67,24.916666666666668,39.97324414715719,0,0,2,0,41.67307692307693,long
1,2019-05-01 00:17:47,2019-05-01 00:22:40,2,0.7,164,48,5.5,9.3,4.883333333333334,8.600682593856654,1,0,2,0,69.09090909090911,short
1,2019-05-01 00:30:49,2019-05-01 00:50:22,2,8.0,164,147,24.0,27.8,19.55,24.552429667519178,0,0,2,0,15.833333333333336,long
1,2019-05-01 00:24:58,2019-05-01 00:31:26,1,1.3,162,48,6.5,13.3,6.466666666666667,12.061855670103093,0,0,2,0,104.61538461538463,medium
1,2019-05-01 00:35:05,2019-05-01 00:39:04,1,0.2,100,48,80.0,80.3,3.9833333333333334,3.0125523012552304,1,0,2,0,0.37499999999999645,short
1,2019-05-01 00:04:14,2019-05-01 00:07:31,1,1.1,107,170,5.0,10.55,3.283333333333333,20.101522842639596,0,0,2,0,111.00000000000001,medium
1,2019-05-01 00:28:41,2019-05-01 00:39:35,1,2.7,144,233,11.0,17.75,10.9,14.862385321100918,0,0,2,0,61.36363636363637,medium
2,2019-05-01 00:41:53,2019-05-01 00:59:03,4,3.78,48,114,14.5,23.79,17.166666666666668,13.211650485436891,0,0,2,0,64.06896551724137,medium
2,2019-05-01 00:04:21,2019-05-01 00:08:33,1,1.75,229,107,6.5,12.15,4.2,24.999999999999996,0,0,2,0,86.92307692307692,medium
1,2019-05-01 00:22:01,2019-05-01 00:47:46,1,17.1,132,170,52.0,76.77,25.75,39.844660194174764,0,0,2,0,47.63461538461537,long
2,2019-05-01 00:50:23,2019-05-01 00:58:51,1,1.6,170,48,8.0,13.57,8.466666666666667,11.338582677165356,0,0,2,0,69.625,medium
2,2019-05-01 00:02:14,2019-05-01 00:12:20,6,2.67,162,79,10.0,16.56,10.1,15.861386138613861,0,0,2,0,65.6,medium
2,2019-05-01 00:16:06,2019-05-01 00:42:58,6,7.99,148,151,27.0,36.96,26.866666666666667,17.843672456575682,0,0,2,0,36.88888888888889,long
2,2019-05-01 00:18:50,2019-05-01 00:28:40,1,1.75,170,48,9.0,15.36,9.833333333333334,10.677966101694915,0,0,2,0,70.66666666666666,medium
2,2019-05-01 00:31:34,2019-05-01 00:53:23,1,3.64,48,193,15.5,19.3,21.816666666666666,10.010695187165776,0,0,2,0,24.516129032258068,medium
1,2019-05-01 00:10:32,2019-05-01 00:46:33,1,20.7,138,91,57.0,58.3,36.016666666666666,34.48403516890328,0,0,2,0,2.28070175438596,long
1,2019-05-01 00:25:51,2019-05-01 00:42:37,2,3.3,231,100,14.0,21.35,16.766666666666666,11.809145129224651,0,0,2,0,52.500000000000014,medium
1,2019-05-01 00:54:01,2019-05-01 01:02:08,1,1.1,48,100,7.0,12.95,8.116666666666667,8.131416837782341,0,0,2,0,84.99999999999999,medium
2,2019-05-01 00:10:51,2019-05-01 00:42:58,2,17.64,132,250,49.0,66.42,32.11666666666667,32.95485210171251,0,0,2,0,35.55102040816327,long
2,2019-05-01 00:30:42,2019-05-01 00:34:38,1,0.89,233,170,5.0,8.8,3.933333333333333,13.57627118644068,1,0,2,0,76.00000000000001,short
2,2019-05-01 00:29:16,2019-05-01 00:31:23,1,0.54,90,90,3.5,9.3,2.1166666666666667,15.30708661417323,1,0,2,0,165.71428571428572,short
1,2019-05-01 00:11:48,2019-05-01 00:21:06,1,1.7,229,186,8.5,14.75,9.3,10.96774193548387,0,0,2,0,73.52941176470588,medium
2,2019-05-01 00:08:47,2019-05-01 00:17:38,3,2.1,230,90,8.5,14.76,8.85,14.237288135593221,0,0,2,0,73.6470588235294,medium
1,2019-05-01 00:27:50,2019-05-01 00:54:57,1,18.4,132,236,52.0,73.42,27.116666666666667,40.71296865396435,0,0,2,0,41.19230769230769,long
2,2019-05-01 00:33:40,2019-05-01 00:39:03,1,1.08,229,170,6.0,11.76,5.383333333333334,12.037151702786378,0,0,2,0,96.0,medium
2,2019-05-01 00:07:52,2019-05-01 00:15:18,1,1.88,50,246,8.0,14.16,7.433333333333334,15.17488789237668,0,0,2,0,77.0,medium
1,2019-05-01 00:03:35,2019-05-01 00:12:37,1,2.1,140,236,9.0,15.35,9.033333333333333,13.948339483394834,0,0,2,0,70.55555555555554,medium
1,2019-05-01 00:56:47,2019-05-01 01:15:57,2,4.7,79,37,17.5,23.3,19.166666666666668,14.713043478260868,0,0,2,0,33.142857142857146,medium
2,2019-05-01 00:10:12,2019-05-01 00:13:18,2,0.8,113,107,4.5,8.3,3.1,15.483870967741936,1,0,2,0,84.44444444444446,short
2,2019-05-01 00:18:47,2019-05-01 00:30:31,1,2.1,137,230,10.0,13.8,11.733333333333333,10.738636363636365,0,0,2,0,38.00000000000001,medium
2,2019-05-01 00:53:04,2019-05-01 01:20:49,1,12.01,100,18,35.5,39.3,27.75,25.967567567567567,0,0,2,0,10.704225352112669,long
1,2019-05-01 00:19:00,2019-05-01 00:34:37,2,2.7,170,45,12.5,16.3,15.616666666666667,10.373532550693705,0,0,2,0,30.400000000000006,medium
1,2019-05-01 00:42:46,2019-05-01 00:47:29,1,0.8,148,232,5.5,11.15,4.716666666666667,10.176678445229681,1,0,2,0,102.72727272727273,short
1,2019-05-01 00:13:23,2019-05-01 00:51:30,1,14.0,137,91,42.5,46.3,38.11666666666667,22.03760384783559,0,0,2,0,8.941176470588228,long
2,2019-05-01 00:09:57,2019-05-01 00:31:20,6,14.55,132,226,40.0,47.3,21.383333333333333,40.82618862042089,0,0,2,0,18.249999999999993,long
2,2019-05-01 00:06:15,2019-05-01 00:15:40,2,1.27,249,79,7.5,14.12,9.416666666666666,8.092035398230088,0,0,2,0,88.26666666666667,medium
2,2019-05-01 00:23:36,2019-05-01 00:30:23,2,1.87,114,13,8.0,12.8,6.783333333333333,16.540540540540544,0,0,2,0,60.00000000000001,medium
2,2019-05-01 00:35:29,2019-05-01 00:51:13,2,5.17,13,79,17.5,25.56,15.733333333333333,19.716101694915256,0,0,2,0,46.05714285714285,long
1,2019-05-01 00:30:51,2019-05-01 00:48:52,1,3.1,161,145,12.5,19.55,18.016666666666666,10.32377428307123,0,0,2,0,56.400000000000006,medium
1,2019-05-01 00:19:24,2019-05-01 00:35:27,5,5.4,132,216,18.0,24.3,16.05,20.186915887850468,0,0,2,0,35.0,long
2,2019-05-01 00:18:33,2019-05-01 00:21:23,1,0.0,225,264,31.8,38.52,2.8333333333333335,0.0,1,0,2,0,21.13207547169812,short
2,2019-05-01 00:56:31,2019-05-01 01:15:47,2,7.27,90,42,23.0,29.8,19.266666666666666,22.6401384083045,0,0,2,0,29.565217391304348,long
2,2019-05-01 00:11:05,2019-05-01 00:20:41,1,1.63,229,48,8.5,14.76,9.6,10.1875,0,0,2,0,73.6470588235294,medium
2,2019-05-01 00:37:24,2019-05-01 01:05:36,1,5.48,114,188,22.5,32.88,28.2,11.659574468085108,0,0,2,0,46.13333333333334,long
1,2019-05-01 00:03:13,2019-05-01 00:15:18,1,2.5,170,142,11.0,17.75,12.083333333333334,12.413793103448276,0,0,2,0,61.36363636363637,medium
1,2019-05-01 00:46:34,2019-05-01 01:06:51,1,5.5,158,112,19.0,22.8,20.283333333333335,16.269515201314707,0,0,2,0,20.000000000000004,long
2,2019-05-01 00:10:57,2019-05-01 00:40:58,1,21.21,132,65,56.5,69.36,30.016666666666666,42.39644641865631,0,0,2,0,22.761061946902654,long
2,2019-05-01 00:06:13,2019-05-01 00:12:43,1,2.3,90,48,8.5,14.76,6.5,21.23076923076923,0,0,2,0,73.6470588235294,medium
2,2019-05-01 00:15:17,2019-05-01 00:24:47,1,2.47,48,141,9.5,16.0,9.5,15.600000000000001,0,0,2,0,68.42105263157895,medium
2,2019-05-01 00:03:41,2019-05-01 00:34:10,1,5.23,249,145,22.0,30.96,30.483333333333334,10.2941498086386,0,0,2,0,40.72727272727273,long
2,2019-05-01 00:47:10,2019-05-01 00:49:22,1,0.55,236,236,4.0,9.36,2.2,15.000000000000002,1,0,2,0,134.0,short
1,2019-05-01 00:08:20,2019-05-01 00:38:36,2,6.1,114,202,23.0,26.8,30.266666666666666,12.092511013215857,0,0,2,0,16.521739130434785,long
2,2019-05-01 00:15:54,2019-05-01 00:34:42,2,11.78,132,92,33.0,34.3,18.8,37.59574468085106,0,0,2,0,3.9393939393939306,long
2,2019-04-30 23:58:20,2019-05-01 00:16:16,1,3.92,230,166,16.0,23.76,17.933333333333334,13.115241635687733,0,23,1,0,48.50000000000001,medium
2,2019-05-01 00:22:18,2019-05-01 00:24:24,1,0.14,24,151,3.5,4.8,2.1,4.0,1,0,2,0,37.14285714285714,short
2,2019-05-01 00:26:07,2019-05-01 00:30:39,1,0.9,151,238,5.5,10.3,4.533333333333333,11.911764705882353,1,0,2,0,87.2727272727273,short
1,2019-05-01 00:20:27,2019-05-01 00:41:06,0,3.9,231,25,16.0,21.8,20.65,11.331719128329299,0,0,2,0,36.25000000000001,medium
2,2019-05-01 00:09:56,2019-05-01 00:20:18,3,2.71,209,90,10.0,13.8,10.366666666666667,15.684887459807074,0,0,2,0,38.00000000000001,medium
2,2019-05-01 00:47:03,2019-05-01 00:55:39,3,1.47,79,249,8.0,14.16,8.6,10.25581395348837,0,0,2,0,77.0,medium
1,2019-05-01 00:08:16,2019-05-01 00:14:32,1,1.3,170,229,6.5,11.85,6.266666666666667,12.446808510638299,0,0,2,0,82.3076923076923,medium
1,2019-05-01 00:47:03,2019-05-01 00:54:21,1,2.2,249,13,8.5,14.76,7.3,18.08219178082192,0,0,2,0,73.6470588235294,medium
2,2019-05-01 00:06:08,2019-05-01 00:16:38,1,3.53,48,75,12.0,15.8,10.5,20.17142857142857,0,0,2,0,31.66666666666667,medium
2,2019-05-01 00:41:22,2019-05-01 00:52:11,1,1.91,142,229,9.5,13.3,10.816666666666666,10.594761171032356,0,0,2,0,40.00000000000001,medium
2,2019-05-01 00:03:16,2019-05-01 00:14:11,4,3.4,161,75,11.5,15.3,10.916666666666666,18.68702290076336,0,0,2,0,33.04347826086957,medium
2,2019-05-01 00:23:22,2019-05-01 00:24:21,1,0.33,50,142,3.0,6.8,0.9833333333333333,20.135593220338986,1,0,2,0,126.66666666666666,short
1,2019-05-01 00:00:27,2019-05-01 00:09:17,1,0.9,233,141,7.5,11.3,8.833333333333334,6.113207547169811,1,0,2,0,50.66666666666667,short
1,2019-05-01 00:51:35,2019-05-01 01:00:16,1,2.4,162,79,9.5,14.63,8.683333333333334,16.58349328214971,0,0,2,0,54.0,medium
2,2019-05-01 00:06:50,2019-05-01 00:15:08,1,2.04,142,161,8.5,13.3,8.3,14.74698795180723,0,0,2,0,56.47058823529413,medium
2,2019-05-01 00:15:55,2019-05-01 00:26:15,1,2.63,161,143,10.0,16.56,10.333333333333334,15.270967741935483,0,0,2,0,65.6,medium
2,2019-05-01 00:10:59,2019-05-01 00:28:45,1,3.31,161,158,14.0,21.0,17.766666666666666,11.178236397748593,0,0,2,0,50.0,medium
2,2019-05-01 00:00:23,2019-05-01 00:12:15,1,2.36,170,79,10.5,17.16,11.866666666666667,11.932584269662922,0,0,2,0,63.42857142857143,medium
2,2019-05-01 00:14:19,2019-05-01 00:26:09,1,4.45,79,263,14.5,22.88,11.833333333333334,22.56338028169014,0,0,2,0,57.79310344827585,medium
2,2019-05-01 00:36:44,2019-05-01 00:55:24,1,6.84,162,33,22.0,32.25,18.666666666666668,21.985714285714284,0,0,2,0,46.590909090909086,long
2,2019-05-01 00:14:36,2019-05-01 00:42:10,1,20.08,132,140,52.0,73.7,27.566666666666666,43.7049576783555,0,0,2,0,41.73076923076924,long
2,2019-05-01 00:43:51,2019-05-01 00:48:14,1,1.01,140,236,5.5,11.16,4.383333333333334,13.825095057034218,0,0,2,0,102.9090909090909,medium
1,2019-05-01 00:10:03,2019-05-01 00:13:35,1,0.8,229,140,5.0,8.8,3.533333333333333,13.584905660377359,1,0,2,0,76.00000000000001,short
1,2019-05-01 00:24:37,2019-05-01 00:27:27,1,0.7,233,137,4.5,8.3,2.8333333333333335,14.823529411764703,1,0,2,0,84.44444444444446,short
1,2019-05-01 00:09:00,2019-05-01 00:19:05,1,2.5,161,263,10.0,17.25,10.083333333333334,14.876033057851238,0,0,2,0,72.5,medium
1,2019-05-01 00:24:11,2019-05-01 00:35:51,1,6.2,141,244,18.5,26.75,11.666666666666666,31.885714285714286,0,0,2,0,44.5945945945946,long
2,2019-05-01 00:22:30,2019-05-01 00:27:11,2,0.47,161,163,5.0,10.56,4.683333333333334,6.0213523131672595,1,0,2,0,111.20000000000002,short
1,2019-05-01 00:04:29,2019-05-01 00:28:32,1,4.4,148,181,18.5,26.75,24.05,10.977130977130978,0,0,2,0,44.5945945945946,medium
2,2019-04-30 23:56:41,2019-04-30 23:59:11,1,0.55,151,166,4.0,6.36,2.5,13.200000000000001,1,23,1,0,59.00000000000001,short
1,2019-05-01 00:09:51,2019-05-01 00:19:59,2,2.0,79,231,9.0,12.8,10.133333333333333,11.842105263157894,0,0,2,0,42.22222222222223,medium
2,2019-05-01 00:06:58,2019-05-01 00:13:26,2,1.38,162,236,7.0,11.88,6.466666666666667,12.804123711340205,0,0,2,0,69.71428571428572,medium
1,2019-05-01 00:32:51,2019-05-01 00:47:20,2,4.6,48,75,15.5,21.3,14.483333333333333,19.05638665132336,0,0,2,0,37.41935483870969,medium
1,2019-05-01 00:52:55,2019-05-01 01:03:20,1,4.3,75,69,14.5,15.8,10.416666666666666,24.768,0,0,2,0,8.965517241379315,medium
2,2019-05-01 00:45:31,2019-05-01 00:45:32,1,0.0,41,264,60.0,60.3,0.016666666666666666,0.0,1,0,2,0,0.4999999999999952,short
2,2019-05-01 00:39:13,2019-05-01 00:47:04,2,1.81,162,79,8.0,14.16,7.85,13.8343949044586,0,0,2,0,77.0,medium
2,2019-05-01 00:07:48,2019-05-01 00:41:13,1,5.94,234,61,25.0,36.0,33.416666666666664,10.665336658354118,0,0,2,0,44.0,long
1,2019-05-01 00:22:33,2019-05-01 00:46:43,1,4.4,237,223,18.5,25.3,24.166666666666668,10.924137931034483,0,0,2,0,36.75675675675676,medium
1,2019-05-01 00:26:45,2019-05-01 00:32:08,1,0.9,113,158,5.5,11.16,5.383333333333334,10.03095975232198,1,0,2,0,102.9090909090909,short
2,2019-05-01 00:12:14,2019-05-01 00:35:44,3,5.73,238,144,21.0,24.8,23.5,14.629787234042555,0,0,2,0,18.0952380952381,long
2,2019-05-01 00:22:10,2019-05-01 00:57:39,1,18.62,132,230,52.0,76.78,35.483333333333334,31.4852043212776,0,0,2,0,47.65384615384616,long
1,2019-05-01 00:00:16,2019-05-01 00:21:01,1,4.0,230,148,16.5,20.3,20.75,11.566265060240964,0,0,2,0,23.030303030303035,medium
1,2019-05-01 00:25:16,2019-05-01 00:32:26,1,2.1,148,256,8.5,13.3,7.166666666666667,17.58139534883721,0,0,2,0,56.47058823529413,medium
1,2019-05-01 00:47:25,2019-05-01 00:50:32,1,0.7,45,87,4.5,10.35,3.1166666666666667,13.475935828877004,1,0,2,0,129.99999999999997,short
1,2019-05-01 00:52:20,2019-05-01 01:00:15,1,3.9,87,107,12.5,19.8,7.916666666666667,29.557894736842105,0,0,2,0,58.400000000000006,medium
2,2019-05-01 00:29:09,2019-05-01 00:30:28,1,0.61,263,263,4.0,8.8,1.3166666666666667,27.79746835443038,1,0,2,0,120.00000000000001,short
1,2019-05-01 00:20:58,2019-05-01 00:46:29,1,8.7,263,256,28.5,38.75,25.516666666666666,20.457217504898757,0,0,2,0,35.96491228070175,long
1,2019-05-01 00:55:42,2019-05-01 01:12:06,1,5.9,186,157,19.0,28.92,16.4,21.58536585365854,0,0,2,0,52.21052631578949,long
1,2019-05-01 00:11:02,2019-05-01 00:39:41,1,12.9,138,261,37.5,56.87,28.65,27.015706806282726,0,0,2,0,51.65333333333333,long
1,2019-05-01 00:54:35,2019-05-01 01:03:25,1,1.9,125,209,8.5,14.75,8.833333333333334,12.90566037735849,0,0,2,0,73.52941176470588,medium
2,2019-05-01 00:16:29,2019-05-01 00:42:42,1,17.2,132,162,52.0,73.7,26.216666666666665,39.36427209154482,0,0,2,0,41.73076923076924,long
1,2019-05-01 00:12:26,2019-05-01 00:31:51,1,5.5,238,69,18.5,22.3,19.416666666666668,16.99570815450644,0,0,2,0,20.540540540540544,long
2,2019-05-01 00:28:26,2019-05-01 00:35:52,1,2.41,79,233,9.0,13.8,7.433333333333334,19.45291479820628,0,0,2,0,53.33333333333334,medium
2,2019-05-01 00:51:12,2019-05-01 01:03:11,1,3.75,230,13,12.5,17.3,11.983333333333333,18.776077885952713,0,0,2,0,38.400000000000006,medium
